facility_id,facility_name,DateOfVisit,enumerator_id,enumerator_name,facility_state,agree,governorate_entry,area_entry,q1.7,q1.8,q1.9.9,q1.10,q1.9.6,q1.9.7,q3.1,q3.1_active,q3.1_not_active,q3.1_admission_avg,q3.3.1_active,q3.3.1_inactive,q3.3.2_active,q3.3.2_inactive,q3.3.3_active,q3.3.3_inactive,q4.5,q4.8,q4.17,q4.18,lat,lon,q1.20_1,q1.20_2,q1.20_3,q1.20_4,q1.20_5,q1.20_6,q1.20_7,q1.20_8,q1.20_9,q1.20_10,q1.20_11,q1.20_12,q1.20_13,q1.20_14,q1.20_15,q1.20_16,q1.20_17,q1.20_18,q1.20_19,q1.20_20,q1.20_21,q1.20_22,q1.20_23,q1.20_24,q1.20_25,q1.20_26,q1.20_27,q1.20_-96,q2_1,q2_2,q2_3,q2_4,q2_5,q2_6,q2_7,q2_8,q2_9,q2_10,q2_11,q2_12,q2_13,q2_14,q2_15,q2_16,q2_17,q2_18,q2_19,q2_20,q2_21,q2_22,q2_23,q2_24,q2_25,q2_26,q2_27,q2_28,q2_29,q2_30,q2_31,q2_32,q2_33,q2_34,q2_35,q2_36,q2_37,q2_39,q2__96_yn_1,q2__96_yn_2
FAC-3000,منشأة صحية 1,21/07/2025,1007,سارة,لا تعمل,نعم,القنيطرة,دير الزور,غير مصنف (مركز تابع لجمعية او خارج الخدمة),منظمات غير حكومية,لا يوجد ضرر,نعم,3639,25500,43,24,41,3.6,30,8,12,5,19,7,نعم,نعم,دوامين,مياه معبأة,,36.54226689,نعم,لا,نعم,نعم,لا,نعم,لا,نعم,نعم,نعم,لا,نعم,لا,نعم,لا,لا,لا,نعم,لا,نعم,نعم,لا,نعم,لا,نعم,نعم,نعم,لا,نعم,نعم,نعم,نعم,نعم,نعم,نعم,نعم,لا,نعم,لا,لا,لا,نعم,نعم,لا,لا,لا,نعم,لا,نعم,لا,لا,لا,لا,لا,لا,لا,نعم,نعم,نعم,نعم,نعم,لا,نعم,لا,نعم,لا,نعم,نعم
FAC-3001,منشأة صحية 2,08/07/2025,1012,هبة,تعمل,نعم,الحسكة,طرطوس,مركز تخصصي,منظمات غير حكومية دولية,لا يوجد ضرر,نعم,6030,3260,19,78,48,4.8,38,15,7,9,7,1,نعم,لا,دوام واحد,بئر محفور و محمي,33.41803971,36.26153855,لا,نعم,نعم,نعم,نعم,نعم,لا,نعم,لا,لا,نعم,نعم,نعم,نعم,نعم,نعم,نعم,نعم,نعم,لا,نعم,نعم,نعم,نعم,لا,لا,لا,نعم,لا,نعم,لا,نعم,لا,لا,لا,نعم,نعم,نعم,لا,نعم,لا,نعم,لا,لا,نعم,لا,لا,لا,لا,لا,لا,نعم,لا,نعم,نعم,لا,نعم,لا,لا,لا,نعم,نعم,لا,نعم,لا,نعم,لا,نعم
FAC-3002,منشأة صحية 3,05/09/2025,1009,ماجد,تعمل,نعم,الرقة,جبلة,غير مصنف (مركز تابع لجمعية او خارج الخدمة),منظمات غير حكومية محلية,ضرر جزئي,نعم,7360,90128,48,71,52,5.5,18,8,5,13,10,7,نعم,نعم,دوامين,مياه معبأة,,,نعم,نعم,نعم,لا,نعم,نعم,لا,لا,نعم,لا,لا,نعم,نعم,لا,نعم,لا,لا,نعم,نعم,لا,لا,نعم,نعم,نعم,لا,نعم,لا,نعم,لا,لا,لا,نعم,نعم,لا,لا,لا,لا,نعم,نعم,لا,نعم,نعم,لا,نعم,نعم,نعم,لا,نعم,نعم,نعم,نعم,لا,نعم,نعم,نعم,لا,نعم,لا,نعم,نعم,نعم,لا,نعم,نعم,لا,نعم,نعم,لا
FAC-3003,منشأة صحية 4,19/07/2025,1013,هبة,تعمل,نعم,ريف دمشق,الرقة,مستشفى تخصصي,منظمات غير حكومية دولية,ضرر جزئي,لا,3893,76190,24,81,36,5.1,37,10,39,18,12,0,نعم,لا,دوام واحد,شبكة مياه عامة,,,لا,نعم,نعم,نعم,نعم,نعم,لا,نعم,نعم,نعم,لا,نعم,نعم,نعم,لا,نعم,نعم,لا,لا,نعم,لا,نعم,لا,نعم,لا,نعم,لا,لا,نعم,نعم,لا,نعم,لا,لا,نعم,لا,نعم,نعم,نعم,نعم,نعم,لا,لا,نعم,نعم,لا,لا,لا,نعم,نعم,نعم,نعم,لا,نعم,نعم,نعم,نعم,لا,نعم,نعم,نعم,لا,لا,نعم,لا,نعم,نعم,لا
FAC-3004,منشأة صحية 5,12/09/2025,1018,سارة,تعمل ولكن لا يمكن الوصول اليه بسبب الوضع الأمني,نعم,الرقة,طرطوس,مركز تخصصي,جهات حكومية أخرى ,ضرر كلي,نعم,7398,24750,80,14,17,3.1,39,16,35,13,3,1,نعم,نعم,24 ساعة,مياه معبأة,35.78947088,35.91445052,لا,نعم,لا,لا,لا,لا,نعم,لا,نعم,نعم,نعم,نعم,لا,نعم,لا,نعم,نعم,لا,نعم,نعم,لا,لا,لا,نعم,نعم,لا,نعم,لا,نعم,لا,لا,نعم,نعم,نعم,نعم,لا,لا,نعم,نعم,لا,لا,نعم,لا,لا,لا,نعم,لا,نعم,لا,لا,لا,نعم,نعم,نعم,نعم,نعم,لا,نعم,نعم,لا,نعم,لا,نعم,نعم,نعم,لا,نعم,نعم
FAC-3005,منشأة صحية 6,27/08/2025,1016,هبة,تعمل,نعم,دمشق,حمص,منشأة  أ,جهات حكومية أخرى ,ضرر جزئي,لا,1975,61497,72,66,19,2.9,16,6,30,13,25,13,نعم,نعم,دوام واحد,شبكة مياه عامة,36.65156103,,لا,لا,نعم,نعم,لا,لا,نعم,نعم,لا,نعم,نعم,لا,لا,لا,نعم,لا,نعم,لا,لا,لا,نعم,لا,لا,نعم,نعم,نعم,نعم,لا,لا,لا,نعم,نعم,لا,نعم,لا,نعم,لا,لا,لا,نعم,لا,لا,لا,نعم,نعم,نعم,لا,نعم,لا,نعم,لا,لا,لا,نعم,لا,نعم,لا,نعم,نعم,لا,لا,لا,لا,لا,نعم,نعم,نعم,لا
FAC-3006,منشأة صحية 7,06/09/2025,1001,ليلى,تعمل,لا,دمشق,جسر الشغور,منشأة  أ,وزارة الصحة,لا يوجد ضرر,نعم,3778,98259,111,110,5,4.1,28,3,38,13,33,0,نعم,نعم,دوام واحد,مياه معبأة,,,نعم,نعم,لا,لا,نعم,لا,لا,لا,لا,نعم,نعم,لا,نعم,لا,نعم,نعم,لا,نعم,نعم,نعم,لا,لا,لا,نعم,لا,نعم,لا,لا,نعم,لا,لا,نعم,نعم,نعم,نعم,لا,نعم,لا,نعم,نعم,نعم,نعم,لا,نعم,نعم,لا,لا,نعم,نعم,نعم,لا,لا,نعم,لا,نعم,لا,لا,لا,لا,لا,نعم,لا,نعم,نعم,لا,نعم,نعم,لا
FAC-3007,منشأة صحية 8,31/08/2025,1011,عمر,تعمل,نعم,حلب,جبلة,غير مصنف (مركز تابع لجمعية او خارج الخدمة),منظمات غير حكومية دولية,لا يوجد ضرر,نعم,3502,14834,17,93,15,5,37,11,19,3,36,13,نعم,نعم,دوام واحد,شبكة مياه عامة,,,نعم,لا,نعم,نعم,نعم,نعم,لا,نعم,لا,نعم,نعم,نعم,نعم,لا,لا,لا,لا,نعم,نعم,لا,لا,لا,نعم,نعم,لا,نعم,نعم,لا,نعم,نعم,لا,نعم,نعم,نعم,لا,لا,نعم,لا,نعم,نعم,لا,لا,لا,لا,لا,نعم,لا,لا,نعم,لا,نعم,لا,نعم,نعم,لا,نعم,نعم,لا,لا,لا,نعم,نعم,لا,لا,نعم,نعم,لا,نعم
FAC-3008,منشأة صحية 9,15/07/2025,1015,عمر,تعمل بشكل جزئي,نعم,السويداء,القامشلي,منشأة ج,قطاع خاص,ضرر جزئي,لا,950,30271,95,50,10,4.4,32,9,21,14,24,15,نعم,نعم,دوام واحد,لا أعرف,,,لا,نعم,نعم,لا,لا,نعم,لا,نعم,نعم,لا,لا,لا,نعم,نعم,لا,لا,نعم,نعم,نعم,لا,لا,نعم,لا,نعم,لا,نعم,نعم,نعم,نعم,لا,نعم,نعم,نعم,نعم,نعم,نعم,لا,نعم,لا,نعم,نعم,نعم,نعم,نعم,لا,نعم,نعم,نعم,نعم,لا,نعم,نعم,نعم,نعم,لا,لا,نعم,نعم,نعم,نعم,لا,نعم,لا,نعم,لا,نعم,لا,نعم
FAC-3009,منشأة صحية 10,12/08/2025,1011,ماجد,تعمل ولكن لا يمكن الوصول اليه لسبب أخر (يرجى التحديد),نعم,دير الزور,إدلب,غير مصنف (مركز تابع لجمعية او خارج الخدمة),منظمات غير حكومية,ضرر جزئي,لا,3764,91908,98,12,26,2.4,1,3,25,9,4,10,نعم,نعم,24 ساعة,شاحنة مزودة بخزان ماء,,,لا,نعم,لا,نعم,لا,نعم,نعم,لا,نعم,لا,لا,نعم,نعم,نعم,نعم,نعم,نعم,نعم,نعم,لا,لا,نعم,نعم,نعم,نعم,نعم,نعم,نعم,نعم,لا,نعم,نعم,لا,نعم,نعم,لا,نعم,لا,لا,لا,لا,لا,لا,نعم,لا,لا,نعم,نعم,نعم,لا,نعم,نعم,نعم,نعم,نعم,نعم,نعم,نعم,لا,نعم,لا,لا,نعم,لا,لا,لا,نعم,نعم
FAC-3010,منشأة صحية 11,15/08/2025,1014,ليلى,تعمل بشكل جزئي,نعم,درعا,الرقة,غير مصنف (مركز تابع لجمعية او خارج الخدمة),منظمات غير حكومية دولية,لا يوجد ضرر,نعم,923,88966,45,64,48,4.2,37,8,19,14,11,0,نعم,نعم,24 ساعة,شبكة مياه عامة,33.54510297,,نعم,لا,نعم,لا,نعم,نعم,نعم,لا,نعم,نعم,لا,لا,نعم,لا,نعم,نعم,نعم,لا,نعم,نعم,لا,نعم,لا,لا,لا,نعم,نعم,نعم,لا,لا,نعم,لا,نعم,نعم,نعم,نعم,نعم,نعم,نعم,نعم,نعم,نعم,لا,نعم,لا,لا,نعم,لا,نعم,لا,نعم,نعم,لا,لا,لا,نعم,نعم,لا,نعم,نعم,لا,لا,لا,لا,نعم,لا,نعم,نعم
FAC-3011,منشأة صحية 12,05/08/2025,1000,تامر,تعمل ولكن لا يمكن الوصول اليه لسبب أخر (يرجى التحديد),لا,دير الزور,جبلة,مستشفى عام,منظمات غير حكومية محلية,ضرر كلي,نعم,1117,41674,57,60,27,6.8,17,8,32,0,37,0,نعم,نعم,دوامين,بئر محفور و محمي,,,نعم,لا,نعم,لا,نعم,لا,نعم,نعم,لا,نعم,نعم,نعم,نعم,لا,لا,نعم,لا,لا,نعم,نعم,لا,نعم,نعم,نعم,لا,نعم,نعم,نعم,نعم,نعم,نعم,نعم,لا,نعم,نعم,لا,نعم,نعم,لا,لا,نعم,لا,نعم,لا,نعم,نعم,نعم,نعم,نعم,لا,لا,نعم,نعم,نعم,لا,لا,نعم,نعم,لا,نعم,نعم,لا,لا,نعم,لا,نعم,نعم,لا
FAC-3012,منشأة صحية 13,03/08/2025,1010,ليلى,تعمل,نعم,اللاذقية,حمص,مستشفى خاص,وزارة الصحة,ضرر جزئي,نعم,7786,62335,81,4,50,4.3,7,19,26,1,27,10,لا,نعم,دوام واحد,مياه معبأة,36.36554127,,نعم,نعم,لا,نعم,نعم,نعم,نعم,لا,نعم,نعم,نعم,لا,لا,لا,نعم,لا,نعم,نعم,نعم,لا,لا,نعم,نعم,لا,لا,نعم,نعم,لا,نعم,لا,لا,نعم,نعم,لا,لا,نعم,نعم,نعم,لا,نعم,نعم,نعم,لا,نعم,نعم,نعم,لا,لا,لا,لا,لا,نعم,نعم,نعم,لا,نعم,نعم,لا,لا,نعم,نعم,نعم,لا,نعم,لا,نعم,لا,لا
FAC-3013,منشأة صحية 14,01/08/2025,1012,ماجد,تعمل ولكن لا يمكن الوصول اليه بسبب الوضع الأمني,نعم,طرطوس,دير الزور,مستشفى عام,منظمات غير حكومية,لا يوجد ضرر,لا,3693,88759,75,79,35,3.9,24,4,20,1,28,11,نعم,نعم,دوام واحد,لا أعرف,,,لا,نعم,نعم,نعم,لا,نعم,لا,نعم,لا,نعم,نعم,لا,نعم,نعم,نعم,لا,لا,نعم,لا,نعم,لا,نعم,لا,لا,لا,نعم,نعم,لا,لا,لا,نعم,لا,نعم,نعم,لا,نعم,لا,نعم,نعم,لا,نعم,نعم,نعم,لا,نعم,لا,نعم,لا,نعم,نعم,نعم,نعم,نعم,لا,لا,نعم,نعم,نعم,لا,لا,نعم,نعم,لا,نعم,نعم,نعم,نعم,نعم
FAC-3014,منشأة صحية 15,14/08/2025,1009,تامر,تعمل ولكن لا يمكن الوصول اليه بسبب الوضع الأمني,نعم,الحسكة,إدلب,منشأة ج,قطاع خاص,لا يوجد ضرر,لا,7051,99968,101,112,45,2.5,6,14,28,10,31,2,نعم,نعم,دوام واحد,مياه معبأة,34.45950179,,نعم,لا,نعم,نعم,نعم,لا,نعم,لا,لا,نعم,نعم,نعم,لا,نعم,نعم,لا,لا,لا,لا,نعم,نعم,لا,لا,نعم,لا,نعم,لا,لا,نعم,نعم,لا,لا,نعم,نعم,لا,لا,نعم,نعم,لا,لا,لا,لا,لا,نعم,لا,لا,لا,لا,نعم,لا,لا,لا,لا,لا,نعم,لا,نعم,نعم,نعم,نعم,لا,لا,لا,نعم,نعم,نعم,نعم,نعم
FAC-3015,منشأة صحية 16,13/07/2025,1004,تامر,تعمل بشكل جزئي,نعم,اللاذقية,القامشلي,غير مصنف (مركز تابع لجمعية او خارج الخدمة),جهات حكومية أخرى ,لا يوجد ضرر,نعم,5627,51331,2,13,48,1.9,19,3,33,17,3,6,نعم,نعم,دوامين,مياه معبأة,,39.82684902,نعم,نعم,لا,نعم,نعم,نعم,نعم,نعم,نعم,نعم,لا,لا,لا,نعم,نعم,نعم,لا,نعم,لا,نعم,نعم,نعم,لا,لا,نعم,نعم,نعم,نعم,لا,نعم,نعم,نعم,لا,لا,لا,نعم,نعم,نعم,نعم,نعم,لا,نعم,لا,نعم,لا,نعم,لا,نعم,لا,نعم,لا,نعم,نعم,لا,نعم,لا,نعم,نعم,نعم,لا,نعم,نعم,لا,لا,نعم,نعم,لا,نعم
FAC-3016,منشأة صحية 17,12/07/2025,1000,ليلى,تعمل,نعم,إدلب,درعا,مستشفى خاص,منظمات غير حكومية محلية,لا يوجد ضرر,لا,7094,4835,90,15,9,1.5,11,2,35,0,30,4,نعم,نعم,دوام واحد,لا أعرف,,,نعم,لا,لا,لا,لا,لا,نعم,نعم,نعم,نعم,نعم,لا,لا,لا,نعم,لا,لا,نعم,نعم,نعم,نعم,نعم,لا,نعم,نعم,نعم,نعم,نعم,نعم,نعم,نعم,لا,لا,لا,لا,نعم,لا,نعم,لا,نعم,لا,نعم,لا,نعم,نعم,نعم,لا,نعم,نعم,لا,لا,لا,لا,لا,نعم,لا,نعم,نعم,نعم,لا,لا,لا,نعم,لا,لا,نعم,نعم,لا
FAC-3017,منشأة صحية 18,23/07/2025,1002,تامر,تعمل ولكن لا يمكن الوصول اليه بسبب الوضع الأمني,لا,حلب,طرطوس,مستشفى خاص,قطاع خاص,لا يوجد ضرر,لا,4688,59966,75,25,19,5.4,34,0,29,7,30,17,نعم,لا,دوامين,بئر محفور و محمي,,35.93046932,نعم,نعم,نعم,نعم,نعم,لا,نعم,نعم,نعم,نعم,نعم,لا,نعم,نعم,لا,نعم,لا,نعم,لا,نعم,نعم,نعم,نعم,نعم,نعم,لا,نعم,لا,نعم,لا,لا,نعم,نعم,نعم,نعم,نعم,لا,لا,نعم,لا,لا,نعم,لا,نعم,نعم,لا,نعم,لا,نعم,نعم,نعم,لا,نعم,نعم,نعم,نعم,نعم,نعم,لا,لا,نعم,نعم,نعم,نعم,لا,نعم,نعم,لا
FAC-3018,منشأة صحية 19,17/07/2025,1015,ليلى,تعمل,نعم,الحسكة,إدلب,منشأة ج,منظمات غير حكومية محلية,لا يوجد ضرر,نعم,2806,7219,21,18,25,2.2,24,11,3,1,32,15,نعم,نعم,24 ساعة,مياه معبأة,,,لا,لا,نعم,نعم,نعم,نعم,لا,نعم,لا,نعم,نعم,لا,نعم,لا,نعم,لا,لا,نعم,نعم,لا,نعم,لا,نعم,نعم,نعم,لا,نعم,نعم,نعم,لا,نعم,نعم,لا,نعم,نعم,نعم,لا,نعم,لا,نعم,لا,نعم,لا,لا,نعم,نعم,لا,نعم,نعم,نعم,نعم,نعم,لا,نعم,لا,لا,لا,لا,لا,نعم,لا,لا,لا,نعم,نعم,نعم,نعم,نعم
FAC-3019,منشأة صحية 20,20/07/2025,1019,تامر,تعمل ولكن لا يمكن الوصول اليه لسبب أخر (يرجى التحديد),نعم,ريف دمشق,السويداء,مستشفى خاص,قطاع خاص,ضرر جزئي,نعم,4102,80592,47,104,28,4.5,12,1,33,7,1,1,لا,نعم,دوام واحد,بئر محفور و محمي,,,نعم,نعم,لا,نعم,لا,نعم,نعم,نعم,لا,لا,لا,لا,نعم,نعم,لا,نعم,لا,لا,نعم,لا,لا,لا,نعم,نعم,لا,نعم,نعم,لا,نعم,لا,نعم,نعم,لا,نعم,نعم,لا,لا,نعم,نعم,نعم,نعم,نعم,لا,لا,نعم,نعم,نعم,لا,لا,نعم,لا,نعم,نعم,نعم,نعم,لا,نعم,نعم,نعم,لا,نعم,نعم,نعم,نعم,نعم,لا,نعم,نعم
FAC-3020,منشأة صحية 21,24/07/2025,1014,سارة,تعمل,نعم,درعا,طرطوس,مستشفى خاص,جهات حكومية أخرى ,لا يوجد ضرر,لا,1290,37085,99,67,9,3.7,6,4,22,2,32,8,نعم,نعم,دوام واحد,لا أعرف,,,لا,لا,لا,نعم,نعم,نعم,نعم,لا,نعم,نعم,لا,نعم,نعم,نعم,لا,لا,لا,نعم,نعم,نعم,نعم,لا,نعم,نعم,لا,لا,لا,نعم,لا,نعم,لا,نعم,لا,لا,نعم,نعم,نعم,لا,نعم,نعم,لا,نعم,نعم,نعم,لا,لا,لا,نعم,نعم,لا,نعم,لا,لا,نعم,نعم,نعم,نعم,لا,نعم,نعم,لا,نعم,لا,لا,نعم,نعم,لا,لا
FAC-3021,منشأة صحية 22,12/09/2025,1012,ليلى,لا تعمل,نعم,القنيطرة,حارم,مستشفى تخصصي,منظمات غير حكومية دولية,لا يوجد ضرر,نعم,7238,18307,102,11,18,3.9,2,14,13,16,10,14,لا,نعم,دوام واحد,لا أعرف,36.94515351,,نعم,نعم,نعم,نعم,لا,نعم,نعم,لا,نعم,لا,لا,نعم,لا,لا,نعم,نعم,لا,نعم,نعم,لا,لا,لا,نعم,نعم,نعم,نعم,لا,لا,لا,نعم,نعم,نعم,لا,لا,لا,نعم,نعم,لا,نعم,نعم,لا,لا,لا,نعم,نعم,لا,نعم,لا,نعم,لا,لا,لا,لا,لا,لا,نعم,لا,لا,نعم,نعم,نعم,لا,لا,نعم,نعم,لا,لا,لا
FAC-3022,منشأة صحية 23,08/07/2025,1012,عمر,تعمل,نعم,حمص,جسر الشغور,منشأة ب,منظمات غير حكومية محلية,لا يوجد ضرر,نعم,1221,71414,116,87,20,5.8,20,10,22,6,34,17,لا,نعم,دوام واحد,شبكة مياه عامة,,,نعم,نعم,نعم,نعم,لا,لا,لا,نعم,لا,نعم,نعم,نعم,لا,لا,نعم,لا,نعم,لا,لا,نعم,لا,نعم,نعم,نعم,نعم,لا,لا,لا,نعم,نعم,لا,نعم,لا,نعم,لا,نعم,لا,نعم,نعم,نعم,لا,نعم,لا,لا,نعم,لا,نعم,نعم,لا,نعم,لا,لا,لا,لا,نعم,نعم,نعم,نعم,لا,لا,لا,لا,نعم,نعم,لا,نعم,لا,نعم
FAC-3023,منشأة صحية 24,11/07/2025,1013,هبة,تعمل,نعم,السويداء,حارم,مستشفى تخصصي,وزارة الصحة,لا يوجد ضرر,نعم,4522,97149,40,109,40,3,25,12,26,15,6,11,نعم,نعم,24 ساعة,لا أعرف,,,لا,نعم,نعم,لا,لا,لا,لا,لا,نعم,لا,لا,لا,نعم,لا,لا,نعم,نعم,نعم,نعم,نعم,نعم,نعم,نعم,نعم,نعم,نعم,نعم,نعم,نعم,نعم,لا,لا,نعم,لا,لا,نعم,نعم,لا,نعم,نعم,نعم,نعم,لا,نعم,نعم,نعم,نعم,لا,نعم,لا,نعم,نعم,لا,نعم,لا,لا,لا,لا,لا,لا,نعم,لا,لا,نعم,نعم,نعم,لا,لا
FAC-3024,منشأة صحية 25,06/09/2025,1001,عمر,تعمل بشكل جزئي,نعم,القنيطرة,طرطوس,منشأة ج,جهات حكومية أخرى ,لا يوجد ضرر,نعم,7535,27490,36,116,12,5.5,15,4,28,8,16,8,نعم,نعم,دوامين,بئر محفور و محمي,35.32510416,39.40461026,نعم,نعم,نعم,لا,نعم,نعم,لا,لا,نعم,نعم,لا,لا,نعم,نعم,نعم,نعم,نعم,لا,لا,نعم,لا,نعم,نعم,لا,نعم,نعم,لا,نعم,نعم,لا,لا,لا,لا,نعم,نعم,نعم,لا,لا,نعم,نعم,نعم,لا,نعم,نعم,نعم,لا,نعم,لا,نعم,نعم,لا,نعم,نعم,نعم,لا,لا,لا,نعم,لا,نعم,لا,نعم,نعم,نعم,نعم,لا,لا,لا
FAC-3025,منشأة صحية 26,08/07/2025,1004,تامر,تعمل,نعم,طرطوس,حمص,غير مصنف (مركز تابع لجمعية او خارج الخدمة),منظمات غير حكومية محلية,لا يوجد ضرر,نعم,4521,87228,78,20,28,5.8,9,14,6,2,15,19,لا,نعم,دوامين,مياه معبأة,36.92919834,,لا,نعم,لا,نعم,نعم,لا,نعم,نعم,لا,نعم,نعم,نعم,نعم,نعم,لا,لا,نعم,نعم,نعم,نعم,نعم,نعم,لا,نعم,لا,نعم,لا,لا,نعم,نعم,لا,نعم,نعم,لا,لا,نعم,نعم,لا,لا,نعم,نعم,نعم,نعم,نعم,نعم,نعم,لا,نعم,نعم,لا,لا,نعم,نعم,نعم,نعم,نعم,لا,لا,لا,لا,نعم,نعم,نعم,نعم,نعم,لا,لا,نعم
FAC-3026,منشأة صحية 27,04/07/2025,1008,ماجد,تعمل,نعم,درعا,جسر الشغور,مركز تخصصي,جهات حكومية أخرى ,ضرر كلي,نعم,976,28990,71,95,35,6.3,3,9,39,7,0,18,لا,نعم,دوام واحد,شبكة مياه عامة,,,لا,لا,نعم,نعم,لا,نعم,نعم,نعم,نعم,لا,نعم,نعم,نعم,نعم,نعم,نعم,لا,لا,لا,نعم,نعم,نعم,لا,لا,لا,نعم,نعم,نعم,نعم,لا,نعم,نعم,لا,نعم,نعم,لا,لا,لا,نعم,لا,لا,نعم,نعم,نعم,نعم,نعم,نعم,لا,نعم,نعم,نعم,لا,لا,لا,نعم,نعم,نعم,لا,نعم,لا,لا,نعم,لا,لا,لا,لا,نعم,لا
FAC-3027,منشأة صحية 28,23/07/2025,1006,ليلى,تعمل,نعم,درعا,السلمية,منشأة ج,منظمات غير حكومية دولية,ضرر جزئي,نعم,4187,43542,105,39,0,1.8,24,8,28,3,28,10,نعم,نعم,دوام واحد,مياه معبأة,,36.07780075,لا,لا,نعم,لا,لا,نعم,نعم,نعم,لا,نعم,لا,لا,لا,نعم,لا,نعم,نعم,لا,نعم,نعم,نعم,لا,نعم,لا,نعم,لا,لا,لا,لا,لا,لا,لا,لا,لا,نعم,نعم,لا,لا,لا,لا,لا,لا,نعم,نعم,لا,لا,نعم,نعم,نعم,لا,نعم,لا,نعم,لا,نعم,نعم,نعم,نعم,نعم,نعم,نعم,نعم,نعم,نعم,لا,لا,نعم,نعم
FAC-3028,منشأة صحية 29,27/07/2025,1019,عمر,تعمل ولكن لا يمكن الوصول اليه لسبب أخر (يرجى التحديد),نعم,طرطوس,جسر الشغور,منشأة ب,منظمات غير حكومية دولية,ضرر جزئي,لا,1203,27699,62,42,2,5.9,12,5,20,7,28,2,نعم,نعم,24 ساعة,مياه معبأة,34.5904826,,نعم,نعم,نعم,لا,نعم,نعم,نعم,نعم,لا,نعم,نعم,نعم,لا,لا,نعم,نعم,نعم,لا,نعم,نعم,لا,لا,لا,نعم,لا,لا,نعم,نعم,نعم,نعم,نعم,لا,لا,نعم,لا,نعم,نعم,نعم,لا,لا,لا,لا,لا,لا,نعم,نعم,نعم,لا,لا,نعم,لا,لا,نعم,لا,لا,لا,نعم,لا,نعم,لا,نعم,نعم,لا,نعم,نعم,نعم,نعم,لا
FAC-3029,منشأة صحية 30,02/08/2025,1003,هبة,تعمل,نعم,دير الزور,طرطوس,مركز تخصصي,قطاع خاص,لا يوجد ضرر,لا,7315,38584,98,47,0,5.5,9,7,23,1,20,7,لا,لا,دوام واحد,شاحنة مزودة بخزان ماء,,,نعم,لا,لا,نعم,نعم,نعم,نعم,نعم,نعم,لا,نعم,لا,لا,نعم,لا,لا,نعم,نعم,نعم,نعم,نعم,نعم,نعم,نعم,لا,نعم,لا,لا,نعم,نعم,نعم,نعم,نعم,لا,لا,نعم,نعم,لا,نعم,نعم,نعم,نعم,نعم,نعم,نعم,لا,لا,نعم,نعم,لا,لا,نعم,نعم,لا,لا,لا,نعم,لا,لا,نعم,لا,نعم,نعم,نعم,نعم,نعم,لا,لا
FAC-3030,منشأة صحية 31,18/08/2025,1015,عمر,تعمل ولكن لا يمكن الوصول اليه بسبب الوضع الأمني,نعم,حمص,جبلة,مستشفى خاص,جهات حكومية أخرى ,لا يوجد ضرر,لا,3834,9091,115,71,46,2.5,32,3,37,10,35,14,نعم,نعم,دوامين,شبكة مياه عامة,,,نعم,لا,نعم,لا,لا,لا,لا,لا,لا,نعم,لا,لا,نعم,لا,نعم,لا,نعم,نعم,نعم,لا,لا,نعم,لا,نعم,نعم,نعم,نعم,نعم,لا,نعم,لا,لا,نعم,نعم,نعم,نعم,لا,نعم,لا,نعم,لا,لا,نعم,لا,لا,نعم,نعم,لا,نعم,نعم,نعم,نعم,نعم,نعم,نعم,لا,نعم,نعم,لا,نعم,نعم,نعم,نعم,لا,نعم,لا,نعم,نعم
FAC-3031,منشأة صحية 32,22/08/2025,1013,هبة,تعمل,نعم,طرطوس,القامشلي,مركز تخصصي,منظمات غير حكومية دولية,ضرر جزئي,نعم,5607,99123,47,99,2,4.6,11,8,10,7,28,8,لا,نعم,دوام واحد,مياه معبأة,36.71224353,,نعم,نعم,نعم,لا,نعم,لا,لا,لا,لا,نعم,لا,لا,نعم,نعم,نعم,لا,لا,نعم,نعم,نعم,نعم,لا,لا,نعم,نعم,نعم,لا,نعم,نعم,لا,نعم,نعم,لا,نعم,نعم,نعم,لا,نعم,لا,نعم,نعم,لا,نعم,لا,لا,نعم,نعم,نعم,نعم,نعم,نعم,لا,نعم,لا,نعم,نعم,نعم,نعم,لا,نعم,نعم,لا,لا,نعم,لا,نعم,لا,لا
FAC-3032,منشأة صحية 33,26/07/2025,1009,سارة,تعمل ولكن لا يمكن الوصول اليه بسبب الوضع الأمني,نعم,حمص,طرطوس,منشأة  أ,قطاع خاص,لا يوجد ضرر,لا,3088,1764,0,92,37,2.6,20,19,15,13,30,2,نعم,نعم,دوام واحد,شبكة مياه عامة,,37.23135505,نعم,نعم,لا,لا,لا,نعم,نعم,لا,نعم,لا,نعم,لا,نعم,لا,نعم,نعم,لا,لا,نعم,نعم,نعم,نعم,نعم,لا,نعم,نعم,نعم,لا,نعم,نعم,نعم,لا,نعم,نعم,لا,نعم,نعم,لا,نعم,لا,نعم,لا,لا,لا,لا,نعم,لا,نعم,لا,لا,نعم,لا,لا,نعم,نعم,لا,لا,نعم,نعم,لا,لا,نعم,نعم,نعم,نعم,نعم,لا,نعم
FAC-3033,منشأة صحية 34,31/07/2025,1007,سارة,تعمل ولكن لا يمكن الوصول اليه لسبب أخر (يرجى التحديد),نعم,دير الزور,القامشلي,غير مصنف (مركز تابع لجمعية او خارج الخدمة),وزارة الصحة,لا يوجد ضرر,نعم,5595,60550,2,112,27,4.7,13,11,25,19,33,18,لا,نعم,دوامين,مياه معبأة,,,نعم,لا,لا,لا,لا,نعم,نعم,نعم,لا,نعم,نعم,نعم,نعم,لا,نعم,لا,لا,لا,نعم,لا,لا,نعم,لا,نعم,نعم,لا,نعم,نعم,نعم,نعم,نعم,لا,نعم,لا,نعم,نعم,نعم,لا,لا,نعم,لا,لا,نعم,نعم,لا,نعم,لا,نعم,نعم,نعم,نعم,نعم,نعم,نعم,نعم,لا,نعم,نعم,لا,لا,نعم,لا,لا,نعم,لا,لا,لا,نعم
FAC-3034,منشأة صحية 35,23/08/2025,1013,ليلى,تعمل,نعم,الحسكة,إدلب,مستشفى تخصصي,منظمات غير حكومية محلية,لا يوجد ضرر,لا,2758,47567,2,18,58,5.4,3,12,7,13,7,11,نعم,نعم,دوام واحد,مياه معبأة,,39.94267574,نعم,نعم,لا,لا,لا,لا,نعم,لا,نعم,نعم,نعم,نعم,نعم,نعم,لا,لا,نعم,نعم,لا,نعم,لا,لا,نعم,نعم,لا,نعم,نعم,نعم,لا,نعم,نعم,نعم,لا,نعم,لا,لا,نعم,نعم,لا,لا,لا,نعم,لا,لا,لا,نعم,نعم,لا,لا,نعم,لا,نعم,نعم,نعم,نعم,لا,لا,نعم,لا,نعم,لا,نعم,لا,نعم,لا,نعم,نعم,نعم
FAC-3035,منشأة صحية 36,25/08/2025,1012,سارة,تعمل,نعم,دمشق,دير الزور,مستشفى عام,منظمات غير حكومية,لا يوجد ضرر,نعم,2872,28864,20,31,51,2.9,13,18,6,0,27,4,نعم,نعم,دوام واحد,بئر محفور و محمي,,35.30396775,نعم,لا,لا,نعم,نعم,نعم,لا,لا,نعم,نعم,لا,نعم,لا,نعم,لا,نعم,نعم,لا,نعم,نعم,نعم,لا,لا,نعم,نعم,لا,نعم,نعم,لا,لا,نعم,نعم,نعم,لا,لا,لا,نعم,لا,لا,نعم,نعم,نعم,لا,نعم,نعم,لا,نعم,لا,لا,نعم,لا,نعم,نعم,لا,لا,نعم,نعم,نعم,نعم,نعم,نعم,لا,نعم,لا,لا,نعم,نعم,نعم
FAC-3036,منشأة صحية 37,30/08/2025,1002,ماجد,تعمل,نعم,الحسكة,الرقة,مستشفى تخصصي,قطاع خاص,ضرر جزئي,نعم,6103,98675,79,81,45,4.5,19,0,16,1,26,17,نعم,نعم,دوامين,بئر محفور و محمي,33.97965294,,نعم,لا,لا,نعم,لا,نعم,نعم,نعم,نعم,لا,نعم,لا,لا,لا,نعم,نعم,نعم,نعم,نعم,نعم,لا,نعم,لا,لا,نعم,نعم,نعم,لا,نعم,نعم,نعم,لا,نعم,نعم,لا,لا,لا,لا,لا,نعم,لا,لا,لا,نعم,نعم,لا,نعم,لا,نعم,نعم,لا,لا,نعم,نعم,لا,نعم,نعم,لا,نعم,نعم,نعم,لا,لا,نعم,لا,نعم,نعم,لا
FAC-3037,منشأة صحية 38,02/07/2025,1007,عمر,تعمل,نعم,حلب,درعا,مستشفى خاص,قطاع خاص,لا يوجد ضرر,نعم,3185,31043,55,56,21,4,30,8,22,2,17,9,نعم,نعم,دوام واحد,شبكة مياه عامة,,38.2454918,لا,لا,لا,لا,نعم,لا,نعم,لا,نعم,لا,لا,لا,لا,نعم,نعم,لا,نعم,لا,نعم,لا,نعم,نعم,نعم,لا,لا,لا,نعم,نعم,لا,نعم,نعم,نعم,لا,نعم,لا,لا,لا,نعم,لا,نعم,نعم,نعم,نعم,لا,لا,لا,لا,نعم,نعم,نعم,لا,نعم,نعم,لا,نعم,لا,لا,نعم,نعم,لا,نعم,نعم,نعم,نعم,لا,لا,لا,لا
FAC-3038,منشأة صحية 39,01/09/2025,1015,تامر,تعمل ولكن لا يمكن الوصول اليه بسبب الوضع الأمني,نعم,اللاذقية,القامشلي,مستشفى عام,وزارة الصحة,ضرر كلي,لا,1015,75801,4,33,54,2.5,21,11,31,19,37,9,لا,لا,دوام واحد,شبكة مياه عامة,,39.19161599,نعم,لا,نعم,لا,لا,نعم,نعم,نعم,لا,نعم,نعم,لا,نعم,نعم,نعم,لا,لا,لا,لا,نعم,نعم,لا,نعم,نعم,لا,لا,نعم,لا,لا,لا,نعم,نعم,نعم,لا,لا,لا,نعم,لا,لا,نعم,نعم,نعم,نعم,نعم,لا,لا,نعم,لا,نعم,لا,لا,لا,لا,نعم,لا,لا,لا,نعم,نعم,لا,لا,لا,لا,نعم,لا,نعم,نعم,لا
FAC-3039,منشأة صحية 40,19/08/2025,1000,سارة,تعمل بشكل جزئي,نعم,السويداء,إدلب,مستشفى عام,منظمات غير حكومية محلية,لا يوجد ضرر,لا,1864,41963,74,87,52,4.6,35,18,20,5,9,16,لا,نعم,دوام واحد,مياه معبأة,,38.91963137,نعم,لا,نعم,لا,لا,لا,نعم,نعم,نعم,نعم,نعم,لا,لا,نعم,نعم,نعم,نعم,لا,لا,نعم,نعم,لا,نعم,لا,لا,نعم,نعم,نعم,نعم,نعم,نعم,لا,لا,نعم,نعم,نعم,لا,لا,لا,لا,نعم,لا,نعم,نعم,لا,لا,نعم,لا,لا,لا,نعم,لا,نعم,نعم,نعم,نعم,لا,نعم,نعم,لا,نعم,نعم,نعم,لا,نعم,نعم,لا,لا
FAC-3040,منشأة صحية 41,06/08/2025,1008,تامر,لا تعمل,نعم,السويداء,جسر الشغور,غير مصنف (مركز تابع لجمعية او خارج الخدمة),منظمات غير حكومية دولية,ضرر جزئي,نعم,731,92376,41,114,45,1.9,25,4,31,13,16,16,نعم,نعم,24 ساعة,بئر محفور و محمي,33.87042134,38.94945709,نعم,نعم,لا,نعم,نعم,لا,نعم,لا,لا,لا,نعم,لا,نعم,نعم,نعم,نعم,لا,نعم,لا,نعم,لا,لا,لا,لا,نعم,نعم,لا,لا,لا,لا,لا,لا,نعم,لا,لا,نعم,نعم,نعم,نعم,نعم,نعم,لا,نعم,لا,لا,لا,لا,لا,نعم,نعم,نعم,نعم,لا,نعم,نعم,لا,لا,نعم,نعم,نعم,لا,لا,نعم,نعم,لا,نعم,لا,نعم
FAC-3041,منشأة صحية 42,03/08/2025,1004,ليلى,تعمل,لا,حمص,درعا,منشأة  أ,وزارة الصحة,لا يوجد ضرر,لا,2717,11323,75,86,33,3.4,38,13,28,17,38,1,نعم,نعم,دوام واحد,لا أعرف,,,لا,نعم,نعم,نعم,نعم,نعم,نعم,نعم,نعم,نعم,نعم,نعم,لا,نعم,نعم,لا,نعم,نعم,نعم,لا,لا,نعم,نعم,لا,نعم,نعم,لا,لا,لا,نعم,لا,نعم,نعم,نعم,لا,نعم,نعم,لا,نعم,نعم,نعم,لا,نعم,نعم,نعم,نعم,نعم,لا,نعم,لا,نعم,لا,لا,لا,نعم,نعم,نعم,نعم,لا,لا,نعم,نعم,نعم,نعم,نعم,نعم,لا,نعم
FAC-3042,منشأة صحية 43,17/08/2025,1006,عمر,تعمل,نعم,دير الزور,حمص,منشأة ب,جهات حكومية أخرى ,لا يوجد ضرر,لا,722,36230,5,26,54,5.4,24,17,25,18,4,11,نعم,نعم,دوام واحد,شبكة مياه عامة,,,نعم,نعم,نعم,لا,لا,نعم,لا,نعم,نعم,نعم,لا,لا,نعم,لا,نعم,نعم,لا,لا,لا,نعم,نعم,نعم,نعم,لا,لا,لا,نعم,لا,نعم,نعم,نعم,نعم,نعم,لا,لا,لا,نعم,لا,نعم,نعم,نعم,نعم,لا,لا,لا,نعم,لا,لا,لا,لا,نعم,نعم,لا,نعم,نعم,نعم,لا,لا,نعم,نعم,نعم,نعم,لا,لا,نعم,نعم,نعم,نعم
FAC-3043,منشأة صحية 44,16/07/2025,1016,تامر,تعمل بشكل جزئي,نعم,حلب,درعا,منشأة ج,منظمات غير حكومية محلية,ضرر جزئي,لا,4163,41301,99,76,26,4.6,33,3,1,15,2,3,نعم,نعم,دوام واحد,شبكة مياه عامة,,36.12565458,نعم,نعم,لا,نعم,لا,نعم,نعم,نعم,نعم,نعم,نعم,نعم,نعم,نعم,لا,نعم,لا,نعم,نعم,لا,نعم,نعم,نعم,نعم,لا,لا,نعم,لا,نعم,نعم,نعم,لا,لا,نعم,نعم,لا,نعم,لا,نعم,نعم,لا,نعم,لا,نعم,لا,نعم,نعم,لا,نعم,لا,لا,نعم,نعم,نعم,نعم,لا,نعم,نعم,نعم,لا,لا,نعم,لا,لا,لا,لا,نعم,لا
FAC-3044,منشأة صحية 45,15/07/2025,1017,ماجد,تعمل ولكن لا يمكن الوصول اليه لسبب أخر (يرجى التحديد),نعم,اللاذقية,درعا,مستشفى خاص,منظمات غير حكومية محلية,لا يوجد ضرر,لا,2789,96955,21,38,26,6.8,12,4,21,18,31,16,لا,نعم,دوام واحد,لا أعرف,,,نعم,نعم,نعم,نعم,نعم,نعم,لا,نعم,نعم,نعم,نعم,نعم,لا,لا,نعم,نعم,لا,نعم,لا,نعم,نعم,لا,لا,لا,لا,نعم,نعم,نعم,لا,نعم,لا,نعم,نعم,لا,نعم,نعم,نعم,لا,لا,لا,نعم,نعم,نعم,لا,لا,لا,نعم,لا,نعم,نعم,نعم,لا,نعم,نعم,نعم,نعم,نعم,نعم,لا,لا,لا,نعم,نعم,لا,نعم,نعم,لا,نعم
FAC-3045,منشأة صحية 46,29/07/2025,1017,تامر,تعمل,نعم,حلب,حمص,مستشفى عام,جهات حكومية أخرى ,ضرر كلي,نعم,560,96385,56,106,55,2,13,10,6,15,11,11,نعم,نعم,دوام واحد,بئر محفور و محمي,36.73988204,,نعم,نعم,نعم,نعم,نعم,لا,نعم,لا,نعم,لا,نعم,نعم,لا,لا,نعم,نعم,لا,لا,نعم,لا,نعم,لا,نعم,نعم,لا,نعم,نعم,نعم,لا,نعم,نعم,لا,لا,لا,لا,لا,نعم,نعم,نعم,نعم,نعم,نعم,نعم,لا,لا,لا,لا,نعم,لا,لا,نعم,نعم,لا,لا,نعم,نعم,نعم,نعم,نعم,لا,نعم,لا,نعم,لا,نعم,لا,لا,نعم
FAC-3046,منشأة صحية 47,10/08/2025,1010,سارة,لا تعمل,نعم,طرطوس,إدلب,منشأة ب,منظمات غير حكومية محلية,لا يوجد ضرر,نعم,555,98990,94,37,27,4.1,30,11,26,7,28,5,نعم,نعم,دوام واحد,لا أعرف,,35.52135156,لا,لا,نعم,لا,لا,نعم,لا,نعم,نعم,نعم,نعم,نعم,لا,لا,لا,نعم,نعم,لا,نعم,نعم,لا,نعم,نعم,لا,نعم,نعم,لا,نعم,لا,لا,نعم,نعم,نعم,لا,لا,نعم,لا,لا,لا,لا,لا,لا,نعم,لا,لا,نعم,نعم,لا,نعم,لا,نعم,نعم,لا,نعم,لا,نعم,لا,لا,نعم,لا,لا,لا,لا,نعم,نعم,نعم,لا,نعم
FAC-3047,منشأة صحية 48,11/07/2025,1013,ماجد,لا تعمل,نعم,طرطوس,حارم,منشأة  أ,وزارة الصحة,لا يوجد ضرر,نعم,6431,87592,85,36,20,6.8,12,15,1,18,2,2,نعم,نعم,24 ساعة,مياه معبأة,,,نعم,نعم,نعم,نعم,لا,نعم,نعم,نعم,نعم,نعم,نعم,نعم,نعم,نعم,نعم,نعم,نعم,نعم,لا,نعم,نعم,لا,نعم,نعم,لا,نعم,نعم,نعم,لا,لا,لا,نعم,لا,نعم,نعم,لا,لا,لا,نعم,نعم,لا,نعم,لا,نعم,لا,لا,لا,نعم,نعم,نعم,نعم,نعم,لا,نعم,نعم,نعم,لا,نعم,لا,لا,نعم,لا,لا,نعم,لا,لا,نعم,نعم
FAC-3048,منشأة صحية 49,22/08/2025,1012,سارة,تعمل بشكل جزئي,نعم,دمشق,طرطوس,غير مصنف (مركز تابع لجمعية او خارج الخدمة),قطاع خاص,لا يوجد ضرر,نعم,973,87541,68,40,40,5.7,6,9,8,13,1,12,لا,نعم,24 ساعة,شبكة مياه عامة,,,لا,لا,لا,نعم,لا,لا,نعم,نعم,لا,لا,لا,نعم,نعم,لا,نعم,نعم,نعم,لا,نعم,نعم,نعم,نعم,نعم,نعم,نعم,نعم,نعم,نعم,نعم,لا,نعم,لا,لا,لا,نعم,لا,نعم,نعم,نعم,لا,لا,لا,نعم,نعم,نعم,نعم,نعم,نعم,لا,لا,لا,لا,لا,لا,لا,نعم,نعم,نعم,لا,نعم,لا,لا,نعم,لا,لا,لا,لا,لا
FAC-3049,منشأة صحية 50,14/08/2025,1014,عمر,تعمل بشكل جزئي,نعم,ريف دمشق,السلمية,مستشفى خاص,جهات حكومية أخرى ,لا يوجد ضرر,لا,3653,41248,28,101,7,4.4,13,8,29,7,17,11,لا,نعم,24 ساعة,مياه معبأة,,,لا,لا,نعم,نعم,نعم,نعم,لا,لا,نعم,نعم,نعم,نعم,نعم,نعم,لا,نعم,نعم,نعم,لا,نعم,لا,نعم,نعم,لا,لا,لا,نعم,نعم,نعم,لا,لا,نعم,لا,نعم,لا,لا,لا,نعم,لا,لا,لا,لا,لا,نعم,نعم,نعم,نعم,نعم,نعم,لا,نعم,لا,نعم,نعم,نعم,نعم,نعم,نعم,لا,نعم,لا,لا,نعم,لا,لا,نعم,نعم,نعم
FAC-3050,منشأة صحية 51,21/08/2025,1016,عمر,تعمل ولكن لا يمكن الوصول اليه بسبب الوضع الأمني,نعم,إدلب,الرقة,مركز تخصصي,قطاع خاص,لا يوجد ضرر,نعم,7207,27379,41,118,25,6.5,4,4,29,19,18,19,لا,نعم,دوام واحد,مياه معبأة,,,لا,لا,لا,نعم,نعم,نعم,نعم,نعم,نعم,نعم,نعم,نعم,لا,نعم,نعم,لا,نعم,لا,نعم,نعم,لا,لا,نعم,نعم,نعم,نعم,نعم,نعم,نعم,لا,نعم,نعم,نعم,نعم,نعم,نعم,نعم,لا,لا,نعم,لا,لا,لا,نعم,لا,لا,نعم,نعم,نعم,لا,لا,نعم,نعم,نعم,نعم,نعم,نعم,لا,نعم,نعم,نعم,نعم,لا,لا,لا,نعم,نعم,نعم
FAC-3051,منشأة صحية 52,29/07/2025,1002,هبة,تعمل,نعم,دمشق,حارم,منشأة ج,منظمات غير حكومية محلية,لا يوجد ضرر,نعم,7446,67196,45,21,26,2.9,8,10,4,2,4,15,لا,نعم,دوامين,شاحنة مزودة بخزان ماء,,,نعم,لا,نعم,لا,نعم,نعم,لا,نعم,لا,نعم,نعم,نعم,لا,لا,لا,لا,نعم,نعم,لا,لا,لا,نعم,نعم,نعم,نعم,نعم,لا,نعم,نعم,نعم,لا,نعم,نعم,لا,لا,لا,نعم,نعم,نعم,لا,نعم,لا,لا,نعم,نعم,لا,نعم,نعم,لا,لا,لا,لا,لا,لا,لا,نعم,لا,نعم,لا,نعم,نعم,لا,لا,نعم,لا,نعم,نعم,نعم
FAC-3052,منشأة صحية 53,12/08/2025,1018,سارة,تعمل,نعم,حمص,جبلة,مستشفى خاص,منظمات غير حكومية محلية,لا يوجد ضرر,نعم,5273,20464,32,9,43,3.6,22,6,33,4,25,9,نعم,نعم,24 ساعة,بئر محفور و محمي,,36.82129479,نعم,نعم,لا,لا,نعم,نعم,نعم,نعم,لا,لا,لا,لا,نعم,نعم,لا,نعم,نعم,نعم,نعم,لا,نعم,نعم,نعم,لا,نعم,لا,نعم,نعم,نعم,نعم,لا,لا,نعم,لا,لا,نعم,لا,لا,نعم,نعم,نعم,لا,لا,نعم,نعم,لا,نعم,نعم,نعم,لا,نعم,نعم,نعم,لا,لا,لا,لا,نعم,نعم,لا,لا,نعم,نعم,نعم,لا,نعم,لا,نعم
FAC-3053,منشأة صحية 54,11/09/2025,1016,تامر,تعمل,نعم,إدلب,إدلب,مستشفى تخصصي,قطاع خاص,لا يوجد ضرر,نعم,5568,73071,111,20,56,5.4,6,6,13,17,30,19,نعم,نعم,دوامين,بئر محفور و محمي,,,لا,لا,نعم,لا,نعم,نعم,لا,لا,لا,نعم,نعم,لا,نعم,نعم,نعم,نعم,نعم,نعم,لا,نعم,نعم,نعم,لا,نعم,نعم,لا,لا,نعم,نعم,لا,لا,لا,نعم,نعم,نعم,نعم,نعم,لا,نعم,لا,لا,نعم,نعم,نعم,نعم,لا,لا,نعم,نعم,نعم,نعم,نعم,نعم,نعم,لا,لا,لا,لا,نعم,لا,نعم,نعم,لا,نعم,نعم,نعم,لا,نعم
FAC-3054,منشأة صحية 55,01/07/2025,1002,هبة,تعمل ولكن لا يمكن الوصول اليه بسبب الوضع الأمني,نعم,الرقة,درعا,منشأة ب,منظمات غير حكومية محلية,ضرر جزئي,نعم,3531,36614,52,97,56,5.5,33,12,37,13,38,19,لا,نعم,24 ساعة,مياه معبأة,36.00227752,,نعم,نعم,لا,لا,نعم,نعم,نعم,لا,نعم,نعم,لا,لا,نعم,نعم,لا,نعم,لا,لا,نعم,نعم,لا,لا,نعم,لا,لا,لا,لا,نعم,نعم,نعم,لا,لا,نعم,نعم,نعم,لا,لا,لا,نعم,نعم,نعم,نعم,نعم,لا,نعم,لا,نعم,نعم,نعم,نعم,نعم,نعم,لا,نعم,نعم,لا,لا,لا,نعم,نعم,نعم,لا,نعم,نعم,لا,لا,نعم,نعم
FAC-3055,منشأة صحية 56,26/07/2025,1006,تامر,تعمل,نعم,حمص,جسر الشغور,غير مصنف (مركز تابع لجمعية او خارج الخدمة),منظمات غير حكومية دولية,لا يوجد ضرر,لا,2963,18651,110,56,49,4.7,7,16,7,12,12,2,نعم,نعم,24 ساعة,مياه معبأة,,,لا,لا,نعم,لا,نعم,نعم,نعم,نعم,لا,نعم,لا,نعم,لا,نعم,نعم,نعم,لا,نعم,نعم,لا,نعم,نعم,نعم,نعم,نعم,نعم,نعم,لا,نعم,نعم,نعم,نعم,نعم,نعم,نعم,نعم,لا,نعم,نعم,نعم,نعم,لا,نعم,نعم,لا,لا,نعم,لا,نعم,نعم,نعم,لا,نعم,لا,نعم,نعم,نعم,لا,نعم,نعم,نعم,لا,لا,لا,لا,نعم,نعم,نعم
FAC-3056,منشأة صحية 57,14/07/2025,1004,عمر,تعمل بشكل جزئي,نعم,السويداء,دير الزور,مستشفى خاص,منظمات غير حكومية محلية,ضرر جزئي,نعم,2163,68436,98,16,42,4.2,29,16,16,0,13,5,نعم,نعم,دوام واحد,مياه معبأة,,,لا,نعم,نعم,نعم,نعم,نعم,لا,نعم,نعم,نعم,نعم,نعم,نعم,لا,نعم,لا,نعم,نعم,لا,نعم,نعم,نعم,لا,نعم,لا,لا,نعم,لا,لا,نعم,نعم,نعم,لا,نعم,نعم,نعم,لا,نعم,لا,لا,لا,لا,نعم,نعم,لا,لا,نعم,لا,لا,لا,نعم,نعم,نعم,نعم,نعم,لا,نعم,لا,نعم,نعم,نعم,لا,نعم,لا,لا,نعم,لا,لا
FAC-3057,منشأة صحية 58,24/07/2025,1019,ماجد,تعمل ولكن لا يمكن الوصول اليه لسبب أخر (يرجى التحديد),نعم,حمص,جسر الشغور,منشأة ب,منظمات غير حكومية,ضرر جزئي,لا,6884,13632,88,118,1,5.2,35,15,12,12,22,16,نعم,لا,دوامين,لا أعرف,,,نعم,نعم,لا,نعم,نعم,لا,لا,لا,لا,نعم,نعم,لا,لا,لا,نعم,نعم,نعم,لا,لا,نعم,نعم,نعم,لا,لا,نعم,نعم,نعم,لا,لا,لا,لا,لا,لا,لا,لا,نعم,نعم,لا,لا,نعم,نعم,نعم,نعم,نعم,نعم,نعم,لا,نعم,نعم,نعم,نعم,لا,لا,لا,نعم,نعم,نعم,نعم,نعم,لا,نعم,نعم,لا,نعم,لا,نعم,نعم,لا
FAC-3058,منشأة صحية 59,28/08/2025,1015,هبة,تعمل,نعم,الحسكة,السلمية,مركز تخصصي,منظمات غير حكومية دولية,لا يوجد ضرر,لا,4431,23174,42,57,28,3.9,8,13,21,12,23,9,لا,نعم,دوام واحد,لا أعرف,,,نعم,نعم,لا,نعم,لا,لا,لا,نعم,لا,لا,نعم,لا,نعم,نعم,نعم,نعم,نعم,لا,لا,نعم,نعم,نعم,لا,نعم,لا,نعم,لا,لا,لا,نعم,لا,لا,لا,لا,لا,نعم,نعم,نعم,نعم,نعم,لا,نعم,نعم,لا,نعم,لا,لا,نعم,نعم,لا,نعم,نعم,نعم,لا,لا,نعم,لا,نعم,لا,نعم,لا,نعم,نعم,لا,لا,لا,نعم,نعم
FAC-3059,منشأة صحية 60,12/09/2025,1013,هبة,تعمل,نعم,درعا,طرطوس,مركز تخصصي,منظمات غير حكومية محلية,لا يوجد ضرر,نعم,4126,54574,43,42,28,2.1,39,17,27,2,13,8,نعم,نعم,24 ساعة,بئر محفور و محمي,34.81502521,,نعم,لا,لا,لا,لا,نعم,لا,نعم,نعم,نعم,نعم,نعم,لا,لا,نعم,لا,نعم,لا,لا,نعم,نعم,لا,نعم,لا,نعم,لا,لا,لا,نعم,نعم,نعم,نعم,نعم,لا,نعم,لا,لا,نعم,لا,نعم,لا,نعم,لا,لا,لا,لا,لا,لا,نعم,نعم,لا,لا,لا,لا,نعم,لا,نعم,لا,لا,لا,لا,نعم,لا,نعم,نعم,نعم,نعم,نعم
FAC-3060,منشأة صحية 61,08/09/2025,1009,هبة,لا تعمل,نعم,الحسكة,حارم,مركز تخصصي,منظمات غير حكومية محلية,لا يوجد ضرر,نعم,1783,31291,113,93,45,5.8,23,14,3,16,11,19,نعم,نعم,دوامين,بئر محفور و محمي,,,نعم,لا,نعم,نعم,نعم,لا,نعم,لا,نعم,لا,لا,نعم,نعم,نعم,نعم,لا,نعم,لا,نعم,لا,نعم,نعم,لا,نعم,نعم,لا,لا,نعم,نعم,نعم,نعم,نعم,لا,لا,لا,لا,لا,نعم,نعم,نعم,لا,نعم,نعم,لا,لا,لا,نعم,نعم,نعم,نعم,لا,لا,نعم,نعم,لا,لا,لا,نعم,لا,لا,لا,لا,نعم,نعم,نعم,نعم,لا,نعم
FAC-3061,منشأة صحية 62,16/08/2025,1002,هبة,تعمل,نعم,حلب,السويداء,مستشفى خاص,منظمات غير حكومية,لا يوجد ضرر,نعم,2076,72977,26,119,43,3.6,4,3,18,1,35,7,نعم,نعم,دوام واحد,شاحنة مزودة بخزان ماء,,,نعم,لا,نعم,نعم,نعم,نعم,لا,لا,نعم,نعم,نعم,لا,نعم,نعم,لا,نعم,نعم,نعم,لا,لا,لا,نعم,نعم,لا,لا,نعم,نعم,لا,لا,لا,لا,لا,نعم,نعم,نعم,لا,لا,نعم,نعم,نعم,لا,لا,لا,نعم,لا,لا,نعم,لا,لا,لا,نعم,نعم,نعم,نعم,لا,نعم,لا,نعم,لا,لا,لا,نعم,نعم,نعم,لا,لا,نعم,نعم
FAC-3062,منشأة صحية 63,29/08/2025,1010,تامر,تعمل,نعم,اللاذقية,إدلب,منشأة ج,منظمات غير حكومية محلية,ضرر جزئي,نعم,7568,96990,53,43,31,1.8,13,9,2,8,23,18,نعم,نعم,دوام واحد,لا أعرف,,,لا,نعم,لا,لا,نعم,نعم,نعم,نعم,لا,لا,نعم,نعم,نعم,لا,نعم,نعم,لا,نعم,لا,نعم,نعم,لا,نعم,لا,لا,نعم,نعم,لا,لا,نعم,نعم,نعم,لا,لا,نعم,لا,نعم,لا,لا,نعم,نعم,نعم,نعم,نعم,لا,نعم,نعم,نعم,نعم,نعم,لا,نعم,لا,لا,لا,لا,نعم,نعم,لا,نعم,نعم,نعم,لا,لا,نعم,لا,لا,لا
FAC-3063,منشأة صحية 64,29/08/2025,1009,هبة,تعمل,نعم,دير الزور,السلمية,مستشفى عام,قطاع خاص,لا يوجد ضرر,نعم,4751,43142,66,6,52,3.5,17,6,31,19,22,6,نعم,نعم,دوام واحد,بئر محفور و محمي,,37.77298855,نعم,لا,نعم,نعم,نعم,لا,لا,نعم,لا,نعم,نعم,لا,نعم,نعم,لا,نعم,نعم,نعم,لا,لا,نعم,نعم,نعم,نعم,نعم,لا,نعم,لا,لا,نعم,نعم,لا,نعم,نعم,نعم,لا,نعم,نعم,نعم,لا,نعم,نعم,نعم,لا,نعم,نعم,لا,نعم,نعم,نعم,لا,لا,نعم,لا,نعم,نعم,لا,لا,لا,لا,نعم,نعم,لا,نعم,نعم,نعم,لا,لا
FAC-3064,منشأة صحية 65,13/09/2025,1017,تامر,لا تعمل,لا,طرطوس,حمص,مستشفى خاص,منظمات غير حكومية,ضرر جزئي,نعم,1818,21988,108,71,4,2.7,31,8,7,3,8,0,لا,نعم,دوام واحد,شاحنة مزودة بخزان ماء,,,لا,نعم,لا,نعم,نعم,نعم,لا,نعم,نعم,نعم,لا,نعم,لا,نعم,لا,نعم,لا,لا,لا,نعم,نعم,نعم,نعم,لا,لا,لا,لا,نعم,لا,لا,لا,نعم,نعم,نعم,لا,لا,لا,لا,لا,لا,لا,نعم,نعم,نعم,لا,نعم,لا,نعم,لا,نعم,لا,نعم,نعم,نعم,نعم,لا,نعم,نعم,لا,لا,لا,لا,نعم,نعم,لا,نعم,لا,نعم
FAC-3065,منشأة صحية 66,20/07/2025,1001,تامر,لا تعمل,لا,طرطوس,إدلب,منشأة ب,وزارة الصحة,لا يوجد ضرر,لا,6802,54445,9,4,34,6.2,1,16,30,6,34,19,لا,نعم,دوام واحد,لا أعرف,,,لا,نعم,نعم,لا,لا,لا,لا,نعم,لا,لا,لا,لا,لا,لا,لا,نعم,نعم,نعم,نعم,نعم,نعم,نعم,نعم,لا,نعم,لا,لا,لا,لا,لا,نعم,نعم,لا,نعم,نعم,لا,لا,لا,لا,لا,نعم,نعم,لا,لا,لا,لا,نعم,نعم,نعم,نعم,لا,لا,نعم,لا,لا,نعم,نعم,نعم,لا,نعم,نعم,نعم,نعم,نعم,نعم,لا,لا,نعم
FAC-3066,منشأة صحية 67,13/08/2025,1010,سارة,تعمل,نعم,دمشق,درعا,مركز تخصصي,جهات حكومية أخرى ,لا يوجد ضرر,نعم,7741,65218,100,22,51,5.2,9,15,29,15,15,14,لا,نعم,دوامين,شاحنة مزودة بخزان ماء,,35.69209623,نعم,نعم,نعم,لا,لا,نعم,نعم,لا,نعم,نعم,لا,نعم,لا,نعم,نعم,لا,نعم,نعم,نعم,نعم,لا,نعم,نعم,لا,لا,لا,لا,نعم,لا,نعم,لا,نعم,نعم,نعم,نعم,نعم,لا,لا,نعم,نعم,نعم,نعم,نعم,لا,نعم,لا,لا,نعم,نعم,نعم,لا,لا,لا,لا,لا,لا,لا,نعم,نعم,لا,نعم,لا,لا,نعم,لا,نعم,نعم,نعم
FAC-3067,منشأة صحية 68,02/08/2025,1002,ماجد,تعمل ولكن لا يمكن الوصول اليه لسبب أخر (يرجى التحديد),نعم,القنيطرة,دير الزور,مركز تخصصي,جهات حكومية أخرى ,ضرر جزئي,نعم,6623,40444,96,110,18,1.7,15,17,5,0,35,3,لا,نعم,دوام واحد,لا أعرف,,,نعم,نعم,نعم,نعم,لا,نعم,نعم,نعم,نعم,نعم,نعم,لا,نعم,نعم,نعم,نعم,لا,نعم,نعم,نعم,نعم,نعم,نعم,لا,لا,لا,لا,لا,لا,نعم,نعم,لا,نعم,نعم,لا,نعم,نعم,لا,نعم,نعم,نعم,نعم,نعم,نعم,لا,لا,لا,لا,نعم,لا,لا,نعم,نعم,نعم,نعم,نعم,نعم,نعم,لا,لا,نعم,نعم,لا,لا,نعم,نعم,نعم,لا
FAC-3068,منشأة صحية 69,30/08/2025,1016,عمر,تعمل,نعم,حلب,طرطوس,مستشفى عام,جهات حكومية أخرى ,ضرر جزئي,نعم,5939,32270,113,40,26,1.6,2,13,17,10,32,4,لا,نعم,دوامين,مياه معبأة,,,نعم,لا,لا,لا,لا,لا,لا,لا,نعم,نعم,لا,لا,لا,نعم,نعم,لا,لا,لا,لا,لا,نعم,لا,نعم,لا,لا,نعم,نعم,نعم,لا,نعم,لا,نعم,لا,نعم,نعم,نعم,نعم,لا,نعم,نعم,لا,لا,نعم,نعم,لا,لا,لا,لا,نعم,لا,لا,نعم,نعم,لا,لا,لا,نعم,لا,لا,نعم,لا,نعم,نعم,نعم,لا,لا,لا,لا
FAC-3069,منشأة صحية 70,18/08/2025,1007,ليلى,تعمل,نعم,حمص,القامشلي,مستشفى عام,وزارة الصحة,لا يوجد ضرر,لا,7672,27993,57,42,38,4.9,15,7,1,12,18,9,نعم,نعم,دوامين,شاحنة مزودة بخزان ماء,,,نعم,نعم,نعم,نعم,نعم,نعم,لا,لا,نعم,نعم,نعم,نعم,لا,نعم,لا,نعم,لا,نعم,نعم,لا,نعم,نعم,نعم,نعم,نعم,لا,لا,نعم,لا,لا,نعم,لا,نعم,نعم,لا,نعم,نعم,لا,نعم,نعم,نعم,نعم,لا,نعم,نعم,لا,لا,لا,نعم,نعم,لا,نعم,نعم,نعم,نعم,نعم,لا,نعم,لا,نعم,نعم,لا,نعم,نعم,نعم,لا,نعم,نعم
FAC-3070,منشأة صحية 71,29/07/2025,1018,هبة,تعمل,نعم,ريف دمشق,إدلب,منشأة  أ,منظمات غير حكومية دولية,ضرر كلي,لا,1292,76690,56,52,24,1.8,22,18,34,9,2,16,لا,نعم,دوام واحد,شبكة مياه عامة,,,نعم,لا,لا,لا,نعم,نعم,لا,نعم,لا,لا,نعم,لا,نعم,نعم,نعم,نعم,نعم,نعم,نعم,لا,نعم,نعم,لا,لا,نعم,لا,نعم,لا,لا,لا,لا,لا,نعم,لا,نعم,لا,لا,لا,لا,نعم,نعم,نعم,لا,نعم,لا,نعم,لا,لا,لا,لا,نعم,نعم,لا,لا,لا,نعم,لا,لا,لا,نعم,نعم,لا,نعم,لا,لا,نعم,نعم,نعم
FAC-3071,منشأة صحية 72,30/08/2025,1015,هبة,تعمل,نعم,حماة,إدلب,غير مصنف (مركز تابع لجمعية او خارج الخدمة),منظمات غير حكومية,لا يوجد ضرر,نعم,1034,33347,104,37,23,3.7,11,8,4,9,20,15,نعم,نعم,دوام واحد,بئر محفور و محمي,,,نعم,لا,نعم,لا,نعم,لا,نعم,نعم,نعم,لا,نعم,لا,لا,لا,نعم,لا,نعم,نعم,نعم,نعم,نعم,نعم,نعم,نعم,نعم,نعم,لا,نعم,نعم,لا,نعم,نعم,لا,لا,لا,نعم,لا,لا,لا,نعم,نعم,نعم,نعم,نعم,لا,نعم,نعم,نعم,لا,نعم,لا,لا,لا,نعم,لا,نعم,نعم,لا,لا,نعم,نعم,نعم,لا,لا,لا,لا,لا,نعم
FAC-3072,منشأة صحية 73,21/08/2025,1016,تامر,لا تعمل,نعم,الرقة,القامشلي,مستشفى تخصصي,وزارة الصحة,لا يوجد ضرر,لا,869,34047,65,92,16,4.3,33,9,10,0,4,19,لا,نعم,24 ساعة,شبكة مياه عامة,,,نعم,لا,نعم,لا,نعم,نعم,لا,نعم,لا,نعم,لا,نعم,لا,لا,نعم,نعم,لا,لا,لا,نعم,لا,نعم,لا,نعم,لا,لا,لا,لا,نعم,نعم,نعم,نعم,لا,نعم,نعم,لا,لا,لا,لا,نعم,نعم,نعم,نعم,لا,لا,نعم,لا,لا,لا,نعم,لا,لا,نعم,لا,لا,نعم,نعم,نعم,لا,نعم,نعم,لا,نعم,لا,نعم,نعم,نعم,لا
FAC-3073,منشأة صحية 74,13/09/2025,1013,ليلى,تعمل بشكل جزئي,نعم,الرقة,السلمية,مستشفى تخصصي,منظمات غير حكومية,لا يوجد ضرر,لا,5307,32905,25,83,26,3.9,28,19,29,2,14,4,نعم,نعم,دوام واحد,شاحنة مزودة بخزان ماء,,,لا,لا,نعم,نعم,نعم,لا,نعم,نعم,نعم,نعم,نعم,نعم,نعم,لا,نعم,نعم,نعم,نعم,نعم,لا,نعم,نعم,نعم,نعم,نعم,نعم,لا,نعم,نعم,نعم,نعم,نعم,لا,لا,لا,لا,نعم,نعم,نعم,نعم,نعم,نعم,نعم,لا,نعم,نعم,لا,لا,نعم,نعم,لا,لا,لا,نعم,لا,نعم,نعم,نعم,نعم,نعم,لا,لا,لا,لا,نعم,نعم,نعم,نعم
FAC-3074,منشأة صحية 75,05/07/2025,1012,هبة,تعمل,نعم,حماة,حمص,مستشفى تخصصي,وزارة الصحة,لا يوجد ضرر,نعم,4089,39056,43,97,25,4.3,1,0,8,17,6,14,لا,نعم,دوام واحد,بئر محفور و محمي,33.77549125,,لا,لا,لا,لا,نعم,لا,نعم,نعم,لا,لا,لا,نعم,نعم,نعم,نعم,نعم,لا,نعم,نعم,نعم,لا,لا,نعم,نعم,لا,لا,لا,نعم,لا,نعم,لا,نعم,نعم,لا,نعم,نعم,نعم,لا,نعم,نعم,لا,نعم,نعم,لا,لا,نعم,نعم,نعم,لا,لا,نعم,نعم,نعم,نعم,نعم,لا,نعم,نعم,لا,نعم,نعم,نعم,لا,نعم,لا,لا,لا,نعم
FAC-3075,منشأة صحية 76,11/09/2025,1004,عمر,لا تعمل,نعم,حمص,جبلة,مركز تخصصي,وزارة الصحة,لا يوجد ضرر,نعم,4957,2019,18,99,32,4.1,6,9,33,7,4,17,نعم,نعم,دوامين,مياه معبأة,37.49057441,37.30797779,نعم,نعم,لا,نعم,لا,لا,لا,لا,لا,لا,نعم,نعم,لا,لا,نعم,لا,نعم,لا,نعم,نعم,نعم,نعم,نعم,لا,نعم,لا,نعم,نعم,لا,لا,لا,نعم,نعم,نعم,نعم,لا,لا,نعم,نعم,لا,لا,نعم,نعم,نعم,نعم,لا,لا,نعم,نعم,لا,نعم,لا,نعم,نعم,نعم,نعم,نعم,لا,نعم,نعم,نعم,نعم,نعم,نعم,لا,نعم,نعم,لا
FAC-3076,منشأة صحية 77,11/08/2025,1002,عمر,لا تعمل,نعم,القنيطرة,طرطوس,منشأة ج,جهات حكومية أخرى ,لا يوجد ضرر,لا,1966,78690,75,6,52,4.3,20,2,26,3,35,8,لا,نعم,دوام واحد,شاحنة مزودة بخزان ماء,,,لا,نعم,نعم,لا,لا,نعم,لا,نعم,نعم,نعم,نعم,نعم,نعم,لا,لا,لا,نعم,لا,لا,نعم,نعم,لا,لا,نعم,لا,نعم,نعم,نعم,لا,نعم,نعم,نعم,لا,لا,نعم,لا,نعم,نعم,نعم,لا,لا,نعم,لا,لا,لا,لا,نعم,نعم,لا,لا,نعم,لا,لا,نعم,لا,نعم,نعم,نعم,نعم,لا,لا,نعم,نعم,نعم,نعم,نعم,لا,نعم
FAC-3077,منشأة صحية 78,07/08/2025,1016,ليلى,تعمل,نعم,ريف دمشق,جسر الشغور,مستشفى تخصصي,منظمات غير حكومية دولية,لا يوجد ضرر,نعم,4331,69604,52,111,58,3.2,15,1,38,4,38,4,لا,نعم,دوامين,شبكة مياه عامة,,39.56266493,لا,نعم,لا,لا,نعم,لا,نعم,نعم,نعم,نعم,نعم,لا,نعم,نعم,نعم,لا,لا,لا,لا,نعم,نعم,نعم,نعم,نعم,لا,نعم,نعم,نعم,نعم,نعم,لا,لا,نعم,نعم,لا,لا,نعم,نعم,لا,نعم,نعم,لا,نعم,لا,نعم,لا,نعم,نعم,نعم,نعم,نعم,لا,نعم,لا,لا,نعم,نعم,نعم,نعم,نعم,لا,لا,نعم,لا,نعم,لا,لا,لا
FAC-3078,منشأة صحية 79,13/08/2025,1012,عمر,تعمل ولكن لا يمكن الوصول اليه بسبب الوضع الأمني,نعم,طرطوس,دير الزور,غير مصنف (مركز تابع لجمعية او خارج الخدمة),منظمات غير حكومية محلية,لا يوجد ضرر,نعم,2529,3596,15,4,35,3.2,22,14,27,2,26,7,نعم,نعم,دوام واحد,لا أعرف,,35.45751232,نعم,نعم,نعم,لا,لا,لا,نعم,نعم,نعم,نعم,لا,لا,لا,نعم,نعم,لا,لا,نعم,نعم,نعم,لا,نعم,لا,لا,نعم,نعم,نعم,لا,لا,لا,نعم,نعم,نعم,نعم,نعم,نعم,نعم,نعم,نعم,نعم,نعم,نعم,نعم,نعم,نعم,نعم,لا,لا,لا,لا,لا,نعم,لا,نعم,لا,نعم,لا,نعم,لا,نعم,لا,لا,لا,لا,لا,لا,نعم,نعم
FAC-3079,منشأة صحية 80,10/08/2025,1002,ماجد,تعمل,نعم,اللاذقية,جبلة,منشأة ب,منظمات غير حكومية,لا يوجد ضرر,نعم,5098,43210,71,65,27,2,1,4,2,17,26,15,نعم,نعم,دوامين,لا أعرف,,,لا,نعم,نعم,نعم,نعم,نعم,لا,لا,نعم,لا,نعم,نعم,نعم,نعم,لا,نعم,لا,نعم,نعم,نعم,لا,لا,نعم,نعم,نعم,نعم,نعم,لا,لا,نعم,لا,نعم,نعم,لا,لا,نعم,نعم,نعم,لا,نعم,نعم,لا,نعم,نعم,لا,لا,لا,لا,نعم,نعم,لا,نعم,لا,لا,لا,نعم,نعم,نعم,نعم,نعم,لا,لا,لا,لا,نعم,لا,لا,نعم
FAC-3080,منشأة صحية 81,04/07/2025,1016,ماجد,تعمل,نعم,درعا,جسر الشغور,مستشفى تخصصي,منظمات غير حكومية دولية,لا يوجد ضرر,نعم,3432,10127,111,80,6,2.6,3,6,11,15,22,13,نعم,نعم,دوامين,بئر محفور و محمي,,,نعم,لا,نعم,نعم,نعم,نعم,نعم,نعم,نعم,لا,نعم,لا,نعم,نعم,لا,لا,لا,نعم,نعم,لا,نعم,لا,نعم,نعم,نعم,لا,نعم,لا,لا,نعم,لا,نعم,نعم,لا,نعم,لا,لا,لا,لا,لا,لا,نعم,نعم,نعم,نعم,نعم,نعم,لا,لا,نعم,لا,نعم,نعم,نعم,لا,نعم,لا,لا,نعم,لا,لا,نعم,لا,لا,لا,نعم,لا,نعم
FAC-3081,منشأة صحية 82,06/07/2025,1011,سارة,تعمل,نعم,دير الزور,حارم,منشأة  أ,جهات حكومية أخرى ,ضرر جزئي,نعم,3463,45226,101,92,39,2.1,19,15,15,9,33,2,لا,نعم,24 ساعة,بئر محفور و محمي,,,نعم,نعم,نعم,نعم,نعم,نعم,نعم,لا,نعم,نعم,نعم,لا,نعم,نعم,نعم,نعم,نعم,لا,نعم,لا,لا,نعم,نعم,لا,لا,لا,نعم,نعم,نعم,نعم,لا,لا,لا,نعم,نعم,نعم,لا,لا,نعم,نعم,نعم,نعم,نعم,نعم,نعم,نعم,لا,نعم,لا,نعم,لا,نعم,نعم,لا,لا,نعم,لا,نعم,نعم,نعم,لا,لا,نعم,نعم,لا,نعم,لا,لا
FAC-3082,منشأة صحية 83,31/07/2025,1009,ليلى,تعمل,نعم,إدلب,دير الزور,مركز تخصصي,منظمات غير حكومية,ضرر جزئي,لا,766,65709,71,41,4,5.8,30,13,26,9,0,14,لا,نعم,دوام واحد,مياه معبأة,33.76269672,,نعم,لا,لا,نعم,لا,نعم,نعم,نعم,لا,لا,نعم,نعم,لا,نعم,لا,نعم,نعم,لا,نعم,نعم,نعم,لا,لا,نعم,لا,لا,لا,نعم,لا,نعم,لا,لا,نعم,نعم,نعم,نعم,نعم,نعم,نعم,نعم,نعم,نعم,لا,لا,نعم,نعم,لا,نعم,لا,لا,نعم,نعم,نعم,نعم,نعم,لا,لا,نعم,نعم,نعم,نعم,نعم,لا,نعم,نعم,لا,لا,لا
FAC-3083,منشأة صحية 84,22/07/2025,1016,ليلى,لا تعمل,نعم,طرطوس,درعا,مركز تخصصي,وزارة الصحة,ضرر جزئي,نعم,291,74382,60,0,30,2.1,12,11,14,8,18,11,لا,نعم,دوام واحد,شبكة مياه عامة,,,لا,لا,نعم,نعم,نعم,نعم,نعم,نعم,نعم,لا,نعم,نعم,لا,نعم,لا,نعم,نعم,نعم,لا,نعم,نعم,نعم,لا,نعم,لا,لا,لا,نعم,نعم,لا,نعم,نعم,نعم,نعم,لا,لا,لا,نعم,لا,نعم,لا,نعم,لا,نعم,نعم,نعم,نعم,نعم,نعم,لا,لا,نعم,لا,نعم,نعم,لا,لا,نعم,لا,لا,نعم,نعم,نعم,لا,لا,نعم,لا,لا
FAC-3084,منشأة صحية 85,02/09/2025,1001,عمر,تعمل,نعم,ريف دمشق,حمص,مستشفى خاص,منظمات غير حكومية,ضرر جزئي,نعم,1879,96782,113,76,45,6,7,7,39,17,10,0,لا,نعم,دوام واحد,شاحنة مزودة بخزان ماء,,,نعم,لا,لا,نعم,نعم,نعم,نعم,لا,لا,نعم,لا,نعم,لا,نعم,نعم,نعم,لا,نعم,لا,نعم,نعم,نعم,نعم,لا,نعم,نعم,لا,لا,نعم,نعم,لا,نعم,لا,لا,لا,نعم,نعم,لا,نعم,نعم,نعم,لا,نعم,لا,لا,نعم,لا,نعم,نعم,لا,نعم,نعم,نعم,نعم,نعم,لا,نعم,لا,لا,لا,نعم,نعم,نعم,لا,نعم,نعم,لا,نعم
FAC-3085,منشأة صحية 86,21/08/2025,1005,هبة,تعمل,نعم,اللاذقية,الرقة,منشأة ج,منظمات غير حكومية محلية,لا يوجد ضرر,نعم,151,6089,97,39,41,2.5,22,13,17,9,20,7,لا,نعم,دوام واحد,شبكة مياه عامة,,,لا,نعم,لا,نعم,نعم,نعم,لا,نعم,نعم,نعم,نعم,لا,نعم,نعم,نعم,لا,نعم,نعم,نعم,نعم,لا,لا,لا,لا,لا,نعم,نعم,لا,لا,نعم,لا,نعم,نعم,نعم,نعم,لا,نعم,لا,نعم,نعم,لا,لا,نعم,لا,نعم,لا,لا,لا,لا,لا,نعم,لا,لا,لا,نعم,نعم,نعم,لا,نعم,لا,لا,لا,نعم,نعم,نعم,لا,لا,نعم
FAC-3086,منشأة صحية 87,26/08/2025,1014,تامر,تعمل,نعم,إدلب,حارم,منشأة  أ,جهات حكومية أخرى ,لا يوجد ضرر,نعم,1227,81334,102,25,13,3,1,2,1,3,3,13,نعم,نعم,دوام واحد,شاحنة مزودة بخزان ماء,,,نعم,نعم,نعم,نعم,لا,لا,لا,نعم,نعم,نعم,نعم,لا,لا,لا,نعم,لا,لا,لا,لا,لا,نعم,لا,نعم,لا,نعم,نعم,نعم,نعم,لا,لا,لا,لا,لا,لا,نعم,نعم,نعم,لا,نعم,لا,لا,لا,لا,نعم,نعم,لا,لا,نعم,نعم,نعم,نعم,نعم,نعم,لا,نعم,نعم,لا,لا,نعم,نعم,نعم,نعم,لا,لا,نعم,لا,لا,نعم
FAC-3087,منشأة صحية 88,09/08/2025,1018,عمر,لا تعمل,نعم,إدلب,حارم,منشأة ب,وزارة الصحة,ضرر جزئي,نعم,589,42106,101,64,48,6.8,23,12,3,12,18,11,نعم,نعم,دوام واحد,شاحنة مزودة بخزان ماء,,38.39037186,نعم,لا,نعم,نعم,نعم,نعم,لا,لا,نعم,نعم,نعم,نعم,لا,نعم,نعم,نعم,نعم,نعم,نعم,لا,لا,لا,نعم,لا,نعم,نعم,لا,لا,لا,لا,نعم,لا,نعم,لا,لا,نعم,لا,لا,لا,نعم,نعم,لا,لا,نعم,لا,نعم,لا,نعم,نعم,لا,نعم,لا,نعم,لا,نعم,نعم,لا,نعم,لا,لا,نعم,نعم,نعم,لا,نعم,نعم,لا,نعم
FAC-3088,منشأة صحية 89,17/07/2025,1015,هبة,تعمل,نعم,اللاذقية,طرطوس,غير مصنف (مركز تابع لجمعية او خارج الخدمة),منظمات غير حكومية محلية,لا يوجد ضرر,نعم,6783,64887,20,79,22,4.8,29,1,29,1,1,12,لا,نعم,دوامين,لا أعرف,,,لا,نعم,نعم,لا,نعم,لا,نعم,نعم,نعم,لا,لا,نعم,لا,لا,نعم,نعم,نعم,نعم,نعم,نعم,لا,نعم,لا,لا,لا,نعم,نعم,نعم,لا,لا,نعم,نعم,نعم,لا,لا,لا,لا,نعم,نعم,نعم,لا,نعم,نعم,لا,لا,لا,لا,لا,نعم,لا,لا,نعم,لا,نعم,نعم,لا,نعم,لا,لا,نعم,نعم,لا,نعم,نعم,نعم,نعم,لا,لا
FAC-3089,منشأة صحية 90,12/07/2025,1017,تامر,لا تعمل,نعم,حمص,السويداء,مستشفى خاص,منظمات غير حكومية دولية,لا يوجد ضرر,نعم,1519,28725,92,25,34,2,24,2,29,18,9,14,لا,نعم,24 ساعة,لا أعرف,,,لا,نعم,نعم,لا,نعم,لا,نعم,لا,نعم,نعم,نعم,نعم,لا,لا,نعم,نعم,نعم,لا,لا,نعم,نعم,نعم,لا,لا,لا,لا,نعم,لا,نعم,لا,نعم,نعم,نعم,نعم,نعم,نعم,لا,نعم,نعم,نعم,نعم,نعم,لا,نعم,نعم,لا,لا,لا,نعم,لا,لا,لا,نعم,نعم,لا,نعم,لا,نعم,نعم,لا,لا,نعم,لا,لا,لا,لا,لا,نعم
FAC-3090,منشأة صحية 91,14/07/2025,1009,ليلى,تعمل,لا,طرطوس,السلمية,غير مصنف (مركز تابع لجمعية او خارج الخدمة),منظمات غير حكومية دولية,ضرر جزئي,نعم,7303,55355,50,95,4,5.3,0,10,1,17,31,8,نعم,نعم,دوامين,مياه معبأة,,,لا,نعم,لا,لا,لا,نعم,لا,نعم,لا,نعم,لا,نعم,نعم,نعم,نعم,نعم,لا,لا,نعم,نعم,لا,نعم,نعم,نعم,لا,لا,نعم,لا,لا,نعم,لا,لا,لا,لا,لا,نعم,نعم,لا,نعم,لا,نعم,نعم,نعم,نعم,لا,لا,نعم,لا,لا,نعم,نعم,لا,لا,لا,لا,نعم,لا,نعم,لا,لا,نعم,نعم,نعم,لا,نعم,لا,لا,نعم
FAC-3091,منشأة صحية 92,09/09/2025,1016,ماجد,تعمل,نعم,حماة,جبلة,مستشفى عام,وزارة الصحة,ضرر جزئي,نعم,7234,10025,41,78,5,2,5,7,19,19,21,11,لا,نعم,دوام واحد,بئر محفور و محمي,37.74231557,,نعم,لا,نعم,نعم,نعم,لا,نعم,نعم,نعم,نعم,لا,نعم,نعم,لا,نعم,نعم,نعم,لا,نعم,لا,نعم,لا,نعم,نعم,نعم,نعم,لا,نعم,نعم,نعم,لا,نعم,نعم,نعم,لا,لا,لا,نعم,نعم,لا,لا,لا,لا,نعم,لا,نعم,نعم,لا,نعم,نعم,نعم,نعم,لا,نعم,نعم,نعم,نعم,لا,لا,نعم,نعم,نعم,نعم,نعم,لا,نعم,نعم,نعم
FAC-3092,منشأة صحية 93,28/08/2025,1006,عمر,تعمل,نعم,السويداء,الرقة,منشأة ب,منظمات غير حكومية محلية,لا يوجد ضرر,لا,2749,6093,80,49,31,2.1,1,10,35,17,38,7,نعم,نعم,دوام واحد,مياه معبأة,,,لا,نعم,نعم,نعم,نعم,لا,لا,نعم,لا,لا,لا,لا,نعم,لا,لا,نعم,لا,لا,نعم,لا,لا,نعم,نعم,نعم,نعم,لا,نعم,نعم,نعم,نعم,نعم,نعم,نعم,لا,لا,نعم,لا,نعم,نعم,لا,نعم,لا,نعم,نعم,نعم,لا,نعم,نعم,لا,نعم,لا,نعم,لا,نعم,لا,لا,لا,نعم,نعم,نعم,نعم,نعم,لا,نعم,نعم,لا,لا,نعم
FAC-3093,منشأة صحية 94,03/07/2025,1017,تامر,تعمل بشكل جزئي,نعم,حمص,حمص,مستشفى عام,جهات حكومية أخرى ,ضرر جزئي,نعم,996,61299,17,36,16,2.8,5,1,8,0,12,16,لا,نعم,دوام واحد,مياه معبأة,,35.54899958,نعم,نعم,لا,نعم,لا,نعم,نعم,نعم,نعم,نعم,نعم,نعم,لا,نعم,لا,نعم,لا,نعم,نعم,نعم,لا,نعم,لا,نعم,نعم,نعم,لا,لا,نعم,نعم,نعم,لا,نعم,لا,لا,نعم,لا,نعم,نعم,لا,لا,لا,نعم,لا,لا,لا,نعم,نعم,لا,لا,نعم,نعم,لا,لا,لا,لا,نعم,لا,لا,لا,نعم,لا,لا,نعم,نعم,لا,لا,لا
FAC-3094,منشأة صحية 95,02/09/2025,1004,ماجد,تعمل ولكن لا يمكن الوصول اليه لسبب أخر (يرجى التحديد),نعم,حمص,طرطوس,منشأة ب,منظمات غير حكومية دولية,لا يوجد ضرر,نعم,2594,52463,67,33,7,6.7,38,5,23,8,4,16,نعم,نعم,دوام واحد,لا أعرف,,35.32127982,نعم,لا,نعم,نعم,نعم,نعم,لا,نعم,لا,لا,نعم,لا,نعم,لا,نعم,نعم,لا,نعم,نعم,نعم,لا,نعم,لا,نعم,نعم,نعم,نعم,نعم,نعم,نعم,نعم,نعم,لا,نعم,لا,نعم,نعم,لا,نعم,نعم,لا,لا,نعم,لا,نعم,نعم,نعم,نعم,نعم,نعم,لا,لا,نعم,لا,نعم,لا,لا,نعم,نعم,نعم,نعم,لا,نعم,لا,نعم,لا,نعم,لا
FAC-3095,منشأة صحية 96,06/07/2025,1015,ليلى,تعمل,نعم,اللاذقية,السلمية,غير مصنف (مركز تابع لجمعية او خارج الخدمة),جهات حكومية أخرى ,لا يوجد ضرر,لا,839,42515,32,6,2,4.5,37,14,36,14,22,7,لا,لا,دوام واحد,مياه معبأة,,,نعم,لا,نعم,لا,نعم,نعم,لا,لا,لا,لا,لا,نعم,لا,لا,لا,لا,نعم,لا,نعم,نعم,نعم,نعم,نعم,لا,لا,لا,نعم,نعم,نعم,نعم,نعم,لا,لا,نعم,نعم,نعم,لا,لا,نعم,لا,لا,لا,نعم,نعم,لا,نعم,لا,نعم,نعم,نعم,نعم,نعم,نعم,نعم,لا,لا,لا,لا,نعم,لا,لا,نعم,نعم,نعم,لا,نعم,نعم,نعم
FAC-3096,منشأة صحية 97,03/08/2025,1017,سارة,تعمل ولكن لا يمكن الوصول اليه بسبب الوضع الأمني,لا,حلب,القامشلي,مستشفى تخصصي,جهات حكومية أخرى ,لا يوجد ضرر,نعم,4845,65731,75,13,4,5.1,11,11,31,3,18,6,نعم,نعم,24 ساعة,شاحنة مزودة بخزان ماء,,,نعم,نعم,لا,نعم,لا,نعم,لا,لا,نعم,لا,نعم,نعم,لا,نعم,لا,نعم,لا,نعم,لا,نعم,لا,نعم,نعم,نعم,لا,نعم,لا,لا,لا,نعم,لا,لا,لا,لا,لا,نعم,نعم,لا,لا,نعم,لا,لا,نعم,نعم,نعم,لا,لا,نعم,لا,نعم,نعم,نعم,نعم,نعم,لا,نعم,نعم,نعم,لا,لا,نعم,لا,نعم,نعم,نعم,لا,لا,لا
FAC-3097,منشأة صحية 98,02/07/2025,1003,عمر,تعمل بشكل جزئي,نعم,حماة,درعا,منشأة  أ,وزارة الصحة,ضرر جزئي,نعم,2482,30095,60,27,15,4.1,20,13,16,6,28,19,نعم,نعم,دوامين,بئر محفور و محمي,,36.03875157,نعم,نعم,نعم,نعم,نعم,لا,نعم,لا,لا,لا,نعم,نعم,نعم,لا,لا,لا,نعم,لا,نعم,نعم,لا,نعم,لا,نعم,لا,لا,نعم,نعم,نعم,لا,نعم,نعم,نعم,نعم,لا,لا,نعم,لا,نعم,نعم,نعم,نعم,نعم,نعم,لا,نعم,لا,نعم,نعم,لا,لا,لا,لا,نعم,نعم,نعم,لا,نعم,لا,نعم,نعم,لا,لا,لا,نعم,لا,نعم,نعم
FAC-3098,منشأة صحية 99,03/07/2025,1008,سارة,تعمل بشكل جزئي,نعم,دير الزور,السويداء,منشأة ج,منظمات غير حكومية محلية,لا يوجد ضرر,نعم,592,71308,85,17,41,3.5,15,9,16,0,12,8,نعم,نعم,دوام واحد,بئر محفور و محمي,,,لا,نعم,لا,نعم,نعم,نعم,نعم,نعم,نعم,نعم,نعم,لا,لا,لا,لا,نعم,لا,نعم,لا,لا,نعم,لا,نعم,لا,نعم,نعم,نعم,نعم,نعم,لا,نعم,نعم,لا,لا,نعم,نعم,نعم,لا,نعم,نعم,نعم,نعم,نعم,نعم,نعم,لا,نعم,نعم,نعم,لا,لا,لا,نعم,لا,لا,نعم,نعم,نعم,نعم,لا,نعم,لا,نعم,لا,نعم,لا,لا,نعم
FAC-3099,منشأة صحية 100,03/07/2025,1009,هبة,تعمل,نعم,اللاذقية,طرطوس,مركز تخصصي,قطاع خاص,لا يوجد ضرر,نعم,1901,10085,54,74,50,4.8,1,16,13,17,14,10,نعم,نعم,دوام واحد,شبكة مياه عامة,,,لا,لا,لا,نعم,لا,نعم,نعم,لا,لا,نعم,لا,لا,لا,لا,لا,لا,نعم,نعم,نعم,نعم,لا,لا,نعم,نعم,نعم,لا,نعم,نعم,نعم,لا,نعم,لا,نعم,نعم,نعم,نعم,لا,نعم,لا,نعم,لا,لا,نعم,لا,لا,نعم,لا,نعم,نعم,لا,نعم,لا,نعم,نعم,لا,نعم,لا,نعم,لا,لا,نعم,لا,لا,لا,نعم,نعم,نعم,لا
FAC-3100,منشأة صحية 101,13/08/2025,1017,ماجد,تعمل,نعم,حلب,القامشلي,منشأة ج,جهات حكومية أخرى ,ضرر جزئي,نعم,409,55478,96,47,57,5,8,12,16,11,9,12,نعم,نعم,دوامين,مياه معبأة,,,لا,لا,نعم,نعم,نعم,نعم,نعم,نعم,نعم,لا,نعم,نعم,نعم,لا,نعم,نعم,لا,لا,نعم,نعم,نعم,لا,لا,نعم,نعم,لا,نعم,لا,نعم,نعم,نعم,نعم,لا,لا,لا,لا,لا,لا,نعم,نعم,لا,لا,نعم,نعم,نعم,لا,لا,لا,نعم,نعم,نعم,نعم,لا,نعم,نعم,نعم,لا,نعم,نعم,لا,نعم,نعم,نعم,نعم,لا,لا,لا,لا
FAC-3101,منشأة صحية 102,08/07/2025,1019,ليلى,تعمل,نعم,الحسكة,الرقة,غير مصنف (مركز تابع لجمعية او خارج الخدمة),قطاع خاص,ضرر جزئي,نعم,7591,59815,62,61,10,2.8,34,11,14,17,13,4,لا,نعم,دوام واحد,بئر محفور و محمي,35.52679522,,نعم,نعم,نعم,نعم,لا,لا,لا,نعم,نعم,نعم,نعم,لا,نعم,نعم,لا,نعم,لا,نعم,لا,لا,نعم,نعم,لا,نعم,نعم,لا,لا,لا,نعم,نعم,لا,نعم,نعم,نعم,نعم,لا,نعم,لا,نعم,نعم,نعم,نعم,نعم,نعم,لا,لا,نعم,لا,نعم,نعم,لا,لا,نعم,لا,نعم,نعم,لا,نعم,نعم,نعم,لا,نعم,نعم,لا,لا,لا,نعم,نعم
FAC-3102,منشأة صحية 103,18/08/2025,1011,ليلى,تعمل بشكل جزئي,نعم,السويداء,السلمية,مركز تخصصي,وزارة الصحة,لا يوجد ضرر,نعم,1308,34853,34,53,35,1.9,21,3,21,6,22,13,لا,نعم,دوامين,مياه معبأة,,39.4106603,لا,نعم,نعم,لا,نعم,نعم,لا,لا,لا,لا,نعم,نعم,نعم,نعم,نعم,نعم,لا,نعم,لا,لا,نعم,لا,نعم,لا,لا,لا,نعم,نعم,نعم,نعم,نعم,لا,نعم,نعم,لا,لا,نعم,نعم,لا,لا,لا,نعم,لا,نعم,نعم,لا,لا,لا,نعم,لا,نعم,لا,نعم,نعم,لا,لا,نعم,نعم,لا,لا,لا,نعم,لا,نعم,نعم,نعم,لا,نعم
FAC-3103,منشأة صحية 104,29/07/2025,1009,سارة,تعمل,نعم,حماة,دير الزور,مستشفى عام,منظمات غير حكومية,لا يوجد ضرر,نعم,7248,96871,88,24,53,4.7,9,18,24,1,30,18,نعم,نعم,دوامين,شبكة مياه عامة,,35.5551985,لا,لا,نعم,لا,نعم,لا,نعم,نعم,لا,نعم,لا,نعم,نعم,نعم,نعم,نعم,نعم,نعم,نعم,نعم,نعم,لا,نعم,نعم,نعم,لا,نعم,نعم,نعم,لا,نعم,لا,نعم,لا,نعم,لا,لا,نعم,نعم,لا,لا,لا,نعم,لا,لا,لا,نعم,نعم,لا,نعم,نعم,لا,لا,نعم,نعم,لا,نعم,نعم,نعم,نعم,لا,نعم,لا,نعم,لا,لا,نعم,لا
FAC-3104,منشأة صحية 105,30/08/2025,1002,هبة,تعمل,نعم,حماة,الرقة,مستشفى عام,جهات حكومية أخرى ,لا يوجد ضرر,نعم,7298,40763,105,30,40,2.7,36,2,24,5,35,2,لا,نعم,دوام واحد,بئر محفور و محمي,,35.86914736,نعم,نعم,نعم,نعم,نعم,لا,لا,نعم,لا,نعم,لا,نعم,نعم,لا,نعم,لا,نعم,نعم,لا,نعم,لا,لا,نعم,لا,لا,نعم,لا,نعم,نعم,نعم,نعم,نعم,لا,نعم,لا,لا,لا,نعم,لا,نعم,نعم,لا,نعم,نعم,لا,لا,لا,نعم,نعم,لا,نعم,نعم,نعم,لا,نعم,نعم,نعم,لا,لا,نعم,نعم,نعم,نعم,نعم,لا,نعم,نعم,لا
FAC-3105,منشأة صحية 106,20/07/2025,1003,ليلى,تعمل ولكن لا يمكن الوصول اليه بسبب الوضع الأمني,نعم,دير الزور,الرقة,مستشفى خاص,قطاع خاص,ضرر كلي,نعم,6918,77064,110,62,10,6.6,25,1,10,17,38,18,لا,نعم,دوامين,شاحنة مزودة بخزان ماء,34.359616,39.69974647,نعم,نعم,نعم,نعم,لا,نعم,نعم,نعم,لا,نعم,نعم,نعم,لا,لا,نعم,لا,لا,نعم,نعم,لا,نعم,لا,نعم,نعم,لا,لا,لا,نعم,لا,نعم,نعم,لا,لا,لا,نعم,لا,لا,نعم,نعم,لا,نعم,لا,نعم,لا,لا,نعم,نعم,نعم,لا,لا,نعم,لا,نعم,لا,لا,نعم,نعم,لا,نعم,لا,لا,لا,نعم,لا,نعم,نعم,نعم,نعم
FAC-3106,منشأة صحية 107,22/07/2025,1014,ليلى,تعمل,نعم,حلب,السلمية,مستشفى تخصصي,قطاع خاص,لا يوجد ضرر,نعم,3351,28508,102,27,16,4.9,30,10,21,18,20,12,نعم,لا,دوام واحد,لا أعرف,,37.20858739,نعم,لا,لا,نعم,نعم,نعم,نعم,نعم,لا,لا,لا,لا,لا,نعم,نعم,نعم,نعم,لا,لا,لا,لا,لا,لا,لا,نعم,لا,لا,نعم,لا,نعم,لا,نعم,نعم,لا,لا,نعم,نعم,نعم,نعم,لا,لا,نعم,نعم,نعم,نعم,لا,لا,نعم,لا,نعم,نعم,لا,لا,نعم,لا,نعم,لا,نعم,نعم,لا,لا,نعم,نعم,نعم,لا,لا,نعم,نعم
FAC-3107,منشأة صحية 108,03/09/2025,1013,سارة,تعمل,نعم,حمص,السلمية,مستشفى تخصصي,وزارة الصحة,لا يوجد ضرر,نعم,609,93764,18,99,1,3.7,14,16,21,11,7,1,لا,نعم,دوامين,مياه معبأة,,,لا,لا,لا,لا,لا,نعم,نعم,لا,نعم,نعم,نعم,نعم,نعم,نعم,نعم,نعم,نعم,نعم,نعم,نعم,نعم,نعم,نعم,نعم,لا,نعم,لا,نعم,نعم,لا,لا,لا,نعم,نعم,لا,لا,نعم,نعم,نعم,لا,لا,نعم,لا,نعم,لا,لا,لا,لا,نعم,لا,نعم,لا,لا,لا,نعم,نعم,لا,لا,نعم,لا,لا,لا,نعم,نعم,نعم,لا,نعم,نعم
FAC-3108,منشأة صحية 109,13/07/2025,1006,ماجد,تعمل,نعم,دير الزور,السويداء,منشأة  أ,منظمات غير حكومية دولية,لا يوجد ضرر,نعم,5189,96940,101,83,39,7,29,13,24,18,35,8,نعم,لا,دوام واحد,شاحنة مزودة بخزان ماء,35.96942705,39.08160773,نعم,لا,نعم,لا,نعم,نعم,لا,نعم,نعم,نعم,نعم,نعم,لا,لا,نعم,لا,نعم,نعم,لا,نعم,نعم,نعم,لا,نعم,نعم,نعم,لا,نعم,نعم,نعم,لا,نعم,لا,نعم,لا,نعم,نعم,نعم,لا,لا,نعم,لا,نعم,نعم,لا,لا,نعم,لا,نعم,لا,نعم,نعم,نعم,لا,نعم,نعم,نعم,لا,نعم,لا,نعم,نعم,لا,نعم,نعم,نعم,نعم,نعم
FAC-3109,منشأة صحية 110,30/08/2025,1014,ليلى,لا تعمل,نعم,حلب,حمص,منشأة ج,منظمات غير حكومية,لا يوجد ضرر,لا,5128,2268,90,46,13,4.6,34,1,4,7,27,5,نعم,نعم,دوام واحد,لا أعرف,,,نعم,نعم,لا,نعم,نعم,لا,نعم,نعم,نعم,نعم,نعم,لا,لا,نعم,لا,نعم,لا,نعم,لا,نعم,نعم,نعم,نعم,نعم,نعم,نعم,نعم,لا,نعم,لا,نعم,لا,نعم,نعم,لا,نعم,لا,لا,نعم,لا,لا,نعم,لا,لا,لا,نعم,لا,لا,نعم,لا,لا,لا,نعم,نعم,نعم,نعم,لا,لا,نعم,لا,نعم,نعم,لا,نعم,نعم,نعم,نعم,نعم
FAC-3110,منشأة صحية 111,19/07/2025,1007,ليلى,تعمل,نعم,ريف دمشق,درعا,منشأة ب,منظمات غير حكومية محلية,ضرر جزئي,نعم,7022,28265,36,66,20,4.1,3,1,17,12,38,11,نعم,نعم,دوام واحد,لا أعرف,34.40046685,,نعم,نعم,نعم,نعم,نعم,لا,لا,نعم,لا,لا,نعم,لا,لا,لا,لا,نعم,نعم,لا,نعم,نعم,لا,لا,نعم,لا,لا,لا,نعم,نعم,نعم,نعم,نعم,نعم,نعم,لا,لا,نعم,نعم,نعم,لا,نعم,لا,نعم,نعم,لا,نعم,نعم,نعم,نعم,نعم,نعم,نعم,نعم,نعم,لا,نعم,نعم,لا,نعم,لا,نعم,لا,لا,لا,لا,نعم,لا,نعم,لا
FAC-3111,منشأة صحية 112,12/09/2025,1003,ماجد,تعمل ولكن لا يمكن الوصول اليه بسبب الوضع الأمني,نعم,إدلب,السلمية,منشأة  أ,قطاع خاص,ضرر جزئي,نعم,1339,97873,80,104,43,6.1,36,6,3,1,14,11,نعم,نعم,دوام واحد,مياه معبأة,35.62514941,,نعم,لا,لا,نعم,نعم,لا,لا,نعم,لا,لا,نعم,نعم,نعم,لا,لا,نعم,لا,لا,نعم,نعم,لا,لا,نعم,نعم,لا,نعم,لا,نعم,نعم,نعم,نعم,نعم,لا,لا,نعم,نعم,نعم,نعم,نعم,نعم,نعم,لا,نعم,لا,نعم,لا,نعم,لا,لا,نعم,لا,نعم,لا,نعم,نعم,نعم,نعم,نعم,لا,نعم,لا,لا,لا,نعم,لا,لا,لا,نعم
FAC-3112,منشأة صحية 113,04/09/2025,1000,هبة,تعمل,نعم,إدلب,حمص,مستشفى تخصصي,منظمات غير حكومية محلية,لا يوجد ضرر,لا,4643,38347,108,22,45,5.7,19,13,6,3,32,8,لا,نعم,دوامين,شبكة مياه عامة,37.01942804,,لا,نعم,نعم,نعم,لا,نعم,نعم,لا,لا,لا,نعم,نعم,لا,نعم,لا,نعم,لا,نعم,نعم,نعم,نعم,نعم,لا,نعم,نعم,لا,نعم,نعم,نعم,نعم,لا,لا,نعم,نعم,نعم,نعم,نعم,لا,نعم,لا,لا,نعم,لا,نعم,نعم,نعم,نعم,لا,لا,لا,لا,نعم,نعم,نعم,نعم,نعم,نعم,نعم,نعم,نعم,لا,نعم,نعم,نعم,لا,لا,نعم,لا
FAC-3113,منشأة صحية 114,06/07/2025,1005,سارة,تعمل بشكل جزئي,نعم,دمشق,حارم,مركز تخصصي,قطاع خاص,لا يوجد ضرر,نعم,3010,31220,82,58,31,3.5,39,19,9,2,19,17,نعم,نعم,دوام واحد,بئر محفور و محمي,,,لا,نعم,نعم,نعم,لا,لا,نعم,لا,لا,لا,نعم,لا,نعم,نعم,نعم,نعم,نعم,نعم,نعم,لا,لا,نعم,لا,نعم,نعم,نعم,نعم,نعم,نعم,نعم,نعم,نعم,نعم,لا,نعم,نعم,نعم,نعم,لا,لا,نعم,نعم,نعم,نعم,نعم,نعم,لا,لا,لا,نعم,نعم,نعم,لا,نعم,نعم,لا,نعم,نعم,نعم,لا,نعم,نعم,لا,نعم,نعم,نعم,لا,لا
FAC-3114,منشأة صحية 115,29/08/2025,1008,ماجد,تعمل,نعم,درعا,القامشلي,غير مصنف (مركز تابع لجمعية او خارج الخدمة),منظمات غير حكومية,ضرر جزئي,نعم,2407,36649,111,116,24,4.6,32,1,9,5,10,18,نعم,نعم,دوام واحد,شاحنة مزودة بخزان ماء,33.77213728,,نعم,لا,نعم,نعم,لا,لا,نعم,لا,لا,لا,نعم,نعم,نعم,نعم,لا,لا,نعم,لا,نعم,نعم,نعم,نعم,نعم,لا,لا,نعم,لا,نعم,نعم,لا,نعم,نعم,نعم,نعم,نعم,نعم,نعم,لا,نعم,لا,نعم,لا,لا,لا,لا,لا,نعم,نعم,نعم,نعم,لا,لا,نعم,نعم,نعم,لا,لا,نعم,لا,نعم,لا,لا,نعم,لا,لا,نعم,نعم,نعم
FAC-3115,منشأة صحية 116,15/08/2025,1009,عمر,تعمل بشكل جزئي,نعم,درعا,حارم,مستشفى عام,وزارة الصحة,ضرر جزئي,لا,7251,77606,4,72,29,4.4,9,2,16,18,16,2,نعم,نعم,دوامين,مياه معبأة,,,نعم,نعم,نعم,لا,نعم,نعم,نعم,لا,نعم,لا,نعم,لا,لا,نعم,لا,نعم,نعم,لا,لا,نعم,لا,لا,نعم,لا,نعم,نعم,نعم,نعم,لا,لا,نعم,نعم,لا,نعم,لا,نعم,لا,لا,لا,نعم,لا,لا,لا,نعم,نعم,لا,لا,نعم,نعم,نعم,نعم,لا,لا,نعم,لا,لا,لا,لا,لا,لا,لا,لا,لا,لا,نعم,نعم,لا,نعم
FAC-3116,منشأة صحية 117,19/07/2025,1006,ليلى,تعمل,نعم,حمص,السلمية,منشأة ب,منظمات غير حكومية دولية,لا يوجد ضرر,نعم,1283,42213,30,93,47,6,6,5,27,17,35,12,نعم,لا,دوام واحد,مياه معبأة,37.8085147,,لا,لا,لا,نعم,نعم,نعم,لا,نعم,نعم,نعم,لا,نعم,نعم,نعم,نعم,نعم,لا,لا,لا,نعم,لا,نعم,لا,نعم,نعم,نعم,لا,لا,نعم,لا,نعم,نعم,نعم,نعم,نعم,لا,لا,نعم,نعم,نعم,نعم,نعم,نعم,نعم,نعم,نعم,لا,لا,نعم,لا,نعم,لا,نعم,لا,لا,لا,نعم,نعم,لا,لا,لا,لا,نعم,نعم,لا,نعم,نعم,لا
FAC-3117,منشأة صحية 118,13/08/2025,1013,تامر,تعمل,نعم,طرطوس,دير الزور,مستشفى تخصصي,منظمات غير حكومية,لا يوجد ضرر,نعم,1435,82810,114,107,41,2.2,29,5,32,9,28,8,لا,نعم,دوامين,شبكة مياه عامة,,37.74247781,لا,لا,نعم,نعم,نعم,نعم,نعم,نعم,نعم,نعم,لا,نعم,نعم,نعم,نعم,لا,نعم,لا,لا,نعم,نعم,لا,لا,نعم,لا,لا,لا,نعم,نعم,لا,لا,لا,نعم,لا,نعم,نعم,نعم,نعم,لا,لا,لا,نعم,لا,نعم,لا,نعم,نعم,لا,نعم,لا,نعم,لا,لا,لا,نعم,نعم,نعم,نعم,نعم,لا,لا,لا,لا,نعم,لا,نعم,نعم,نعم
FAC-3118,منشأة صحية 119,10/08/2025,1013,تامر,تعمل بشكل جزئي,نعم,طرطوس,طرطوس,منشأة ب,وزارة الصحة,لا يوجد ضرر,نعم,1280,71701,2,115,28,6.2,8,10,14,4,16,5,لا,نعم,دوام واحد,شبكة مياه عامة,,,نعم,لا,نعم,لا,نعم,نعم,نعم,نعم,نعم,نعم,لا,نعم,نعم,نعم,لا,لا,نعم,نعم,نعم,نعم,لا,نعم,نعم,نعم,لا,لا,نعم,لا,نعم,نعم,لا,نعم,نعم,نعم,نعم,لا,نعم,لا,نعم,نعم,نعم,نعم,نعم,لا,لا,لا,لا,نعم,نعم,لا,لا,لا,لا,نعم,نعم,لا,نعم,نعم,نعم,نعم,نعم,نعم,لا,نعم,لا,نعم,لا,لا
FAC-3119,منشأة صحية 120,07/07/2025,1013,ماجد,تعمل,نعم,دير الزور,الرقة,غير مصنف (مركز تابع لجمعية او خارج الخدمة),منظمات غير حكومية دولية,لا يوجد ضرر,نعم,2986,28505,77,75,0,3.4,15,10,10,12,9,15,نعم,نعم,دوام واحد,مياه معبأة,36.91108548,39.17447316,نعم,لا,لا,لا,نعم,نعم,نعم,نعم,لا,لا,لا,نعم,نعم,نعم,لا,نعم,نعم,نعم,نعم,نعم,نعم,نعم,لا,نعم,نعم,لا,لا,نعم,نعم,نعم,لا,لا,نعم,نعم,نعم,نعم,نعم,نعم,نعم,لا,لا,لا,نعم,نعم,نعم,نعم,لا,نعم,نعم,نعم,لا,نعم,نعم,نعم,لا,نعم,لا,لا,نعم,لا,نعم,لا,نعم,لا,لا,نعم,نعم,لا
FAC-3120,منشأة صحية 121,10/07/2025,1013,تامر,تعمل,نعم,الحسكة,الرقة,مستشفى تخصصي,منظمات غير حكومية,ضرر جزئي,نعم,6967,9982,19,32,50,4.6,10,16,0,10,31,0,نعم,نعم,24 ساعة,مياه معبأة,,,لا,نعم,لا,لا,نعم,لا,نعم,لا,نعم,نعم,نعم,نعم,لا,نعم,نعم,نعم,نعم,نعم,نعم,نعم,نعم,لا,نعم,نعم,لا,نعم,نعم,نعم,لا,نعم,لا,نعم,لا,لا,لا,نعم,نعم,نعم,لا,نعم,لا,نعم,لا,لا,نعم,لا,لا,لا,لا,لا,لا,نعم,لا,نعم,نعم,لا,نعم,لا,لا,لا,نعم,نعم,لا,نعم,لا,نعم,لا,نعم
FAC-3121,منشأة صحية 122,02/09/2025,1019,عمر,تعمل,نعم,طرطوس,جبلة,منشأة ج,منظمات غير حكومية,لا يوجد ضرر,نعم,4551,14210,117,90,27,3.1,33,2,38,1,25,5,لا,نعم,دوام واحد,لا أعرف,,,نعم,لا,نعم,نعم,نعم,نعم,نعم,نعم,نعم,نعم,نعم,نعم,نعم,نعم,نعم,نعم,نعم,لا,لا,لا,نعم,نعم,نعم,نعم,نعم,لا,لا,نعم,لا,لا,لا,نعم,نعم,لا,لا,لا,لا,نعم,نعم,لا,نعم,نعم,لا,نعم,نعم,نعم,لا,نعم,نعم,نعم,نعم,لا,نعم,نعم,نعم,لا,نعم,لا,نعم,نعم,نعم,لا,نعم,نعم,لا,نعم,نعم,لا
FAC-3122,منشأة صحية 123,22/08/2025,1001,تامر,تعمل,نعم,الحسكة,حمص,مركز تخصصي,جهات حكومية أخرى ,لا يوجد ضرر,لا,1464,78866,34,116,18,4.3,35,15,31,10,20,14,لا,نعم,دوام واحد,لا أعرف,34.21011377,,نعم,لا,نعم,نعم,نعم,نعم,نعم,لا,نعم,لا,نعم,لا,لا,نعم,لا,نعم,نعم,نعم,نعم,نعم,نعم,لا,نعم,لا,لا,نعم,لا,لا,نعم,نعم,لا,نعم,لا,لا,نعم,لا,نعم,نعم,نعم,نعم,نعم,لا,لا,نعم,نعم,لا,لا,لا,نعم,نعم,نعم,نعم,لا,نعم,نعم,نعم,نعم,لا,نعم,نعم,نعم,لا,لا,نعم,لا,نعم,نعم,لا
FAC-3123,منشأة صحية 124,07/07/2025,1006,ليلى,تعمل,نعم,السويداء,إدلب,مستشفى تخصصي,منظمات غير حكومية,لا يوجد ضرر,نعم,1309,55130,75,82,26,4.6,3,9,17,11,12,5,لا,نعم,دوامين,شبكة مياه عامة,36.01448279,,لا,نعم,نعم,نعم,نعم,لا,لا,نعم,لا,نعم,لا,نعم,نعم,نعم,نعم,لا,نعم,لا,نعم,نعم,نعم,نعم,نعم,نعم,لا,نعم,نعم,لا,نعم,لا,لا,نعم,نعم,نعم,نعم,لا,لا,نعم,نعم,لا,لا,نعم,لا,لا,لا,نعم,لا,نعم,لا,لا,لا,نعم,نعم,نعم,نعم,نعم,لا,نعم,نعم,لا,نعم,لا,نعم,نعم,نعم,لا,نعم,نعم
FAC-3124,منشأة صحية 125,13/07/2025,1008,هبة,تعمل بشكل جزئي,نعم,طرطوس,الرقة,مركز تخصصي,جهات حكومية أخرى ,لا يوجد ضرر,نعم,1086,54818,68,72,58,3.1,36,11,39,6,8,9,لا,لا,دوام واحد,بئر محفور و محمي,34.01965282,,نعم,نعم,نعم,لا,نعم,نعم,نعم,نعم,لا,نعم,لا,نعم,نعم,نعم,نعم,لا,نعم,نعم,نعم,نعم,نعم,نعم,لا,لا,نعم,نعم,نعم,نعم,لا,لا,نعم,نعم,لا,نعم,لا,نعم,لا,لا,لا,نعم,لا,لا,لا,نعم,نعم,نعم,لا,نعم,لا,نعم,لا,لا,لا,نعم,لا,نعم,لا,نعم,نعم,لا,لا,لا,لا,لا,نعم,نعم,نعم,لا
FAC-3125,منشأة صحية 126,08/07/2025,1001,ماجد,تعمل,نعم,حمص,طرطوس,مستشفى تخصصي,منظمات غير حكومية محلية,لا يوجد ضرر,لا,6564,61997,100,45,9,1.8,25,18,31,0,36,3,نعم,نعم,دوام واحد,لا أعرف,36.86950663,,نعم,لا,نعم,نعم,لا,نعم,نعم,نعم,لا,نعم,لا,نعم,لا,لا,نعم,نعم,نعم,نعم,لا,نعم,نعم,نعم,لا,لا,نعم,نعم,نعم,لا,نعم,لا,لا,نعم,نعم,نعم,نعم,لا,نعم,لا,نعم,نعم,نعم,نعم,لا,نعم,نعم,لا,لا,نعم,نعم,نعم,لا,لا,نعم,لا,نعم,لا,لا,لا,لا,لا,نعم,لا,نعم,نعم,لا,نعم,نعم,لا
FAC-3126,منشأة صحية 127,23/07/2025,1004,ماجد,تعمل,لا,السويداء,درعا,مركز تخصصي,منظمات غير حكومية محلية,ضرر كلي,نعم,5249,76447,81,8,27,3.2,0,10,36,12,38,6,نعم,نعم,دوام واحد,مياه معبأة,36.56922048,,لا,لا,نعم,نعم,لا,نعم,لا,نعم,لا,لا,نعم,نعم,لا,نعم,لا,نعم,لا,نعم,لا,نعم,نعم,لا,لا,نعم,نعم,نعم,لا,نعم,نعم,نعم,لا,نعم,نعم,نعم,لا,لا,نعم,لا,نعم,نعم,لا,لا,لا,لا,لا,نعم,لا,لا,نعم,لا,نعم,لا,نعم,نعم,لا,نعم,نعم,لا,لا,لا,نعم,نعم,لا,لا,نعم,نعم,لا,نعم
FAC-3127,منشأة صحية 128,01/08/2025,1001,ماجد,لا تعمل,نعم,حماة,إدلب,مستشفى عام,منظمات غير حكومية دولية,ضرر كلي,نعم,2369,49455,42,81,24,3.1,4,9,1,19,20,6,لا,نعم,دوامين,بئر محفور و محمي,34.51639215,36.66011743,لا,نعم,لا,نعم,لا,نعم,نعم,نعم,نعم,نعم,لا,لا,لا,نعم,نعم,لا,نعم,لا,نعم,لا,نعم,نعم,نعم,نعم,لا,نعم,لا,نعم,نعم,لا,نعم,نعم,نعم,نعم,نعم,نعم,لا,نعم,لا,نعم,نعم,نعم,نعم,نعم,لا,نعم,نعم,نعم,نعم,لا,نعم,نعم,نعم,نعم,لا,لا,نعم,نعم,نعم,نعم,لا,نعم,لا,نعم,لا,نعم,لا,نعم
FAC-3128,منشأة صحية 129,12/09/2025,1015,عمر,تعمل بشكل جزئي,لا,درعا,جبلة,منشأة  أ,منظمات غير حكومية,لا يوجد ضرر,نعم,5786,71601,110,15,49,6.4,12,3,37,8,4,4,لا,نعم,24 ساعة,لا أعرف,,,نعم,لا,نعم,نعم,نعم,نعم,نعم,لا,نعم,نعم,نعم,لا,نعم,نعم,لا,نعم,نعم,لا,نعم,نعم,لا,نعم,لا,لا,نعم,نعم,نعم,لا,نعم,لا,نعم,نعم,لا,نعم,نعم,لا,نعم,لا,لا,لا,لا,لا,لا,نعم,لا,لا,نعم,نعم,نعم,لا,نعم,نعم,نعم,نعم,نعم,نعم,نعم,نعم,لا,نعم,لا,لا,نعم,لا,لا,لا,نعم,نعم
FAC-3129,منشأة صحية 130,10/09/2025,1006,تامر,تعمل,نعم,حلب,حارم,مستشفى تخصصي,منظمات غير حكومية,لا يوجد ضرر,نعم,7633,5827,29,75,7,4.7,18,3,17,12,0,10,لا,نعم,دوام واحد,شاحنة مزودة بخزان ماء,,37.40616712,نعم,لا,لا,نعم,لا,نعم,نعم,لا,لا,نعم,نعم,لا,نعم,نعم,لا,نعم,لا,نعم,لا,لا,نعم,لا,لا,نعم,لا,نعم,لا,لا,لا,لا,نعم,لا,نعم,نعم,نعم,نعم,نعم,نعم,نعم,نعم,نعم,نعم,لا,نعم,لا,لا,نعم,لا,نعم,لا,نعم,نعم,لا,لا,لا,نعم,نعم,لا,نعم,نعم,لا,لا,لا,لا,نعم,لا,نعم,نعم
FAC-3130,منشأة صحية 131,29/07/2025,1013,سارة,تعمل,نعم,السويداء,حارم,مستشفى خاص,منظمات غير حكومية,لا يوجد ضرر,لا,7142,92248,80,84,53,2.9,3,18,13,11,14,17,نعم,نعم,دوام واحد,شبكة مياه عامة,,38.24359126,لا,لا,لا,لا,نعم,لا,نعم,لا,لا,نعم,لا,نعم,نعم,نعم,نعم,لا,نعم,لا,لا,لا,نعم,نعم,لا,نعم,نعم,لا,لا,لا,نعم,نعم,نعم,نعم,لا,نعم,نعم,لا,نعم,نعم,لا,لا,نعم,لا,نعم,لا,نعم,نعم,نعم,نعم,نعم,لا,لا,نعم,نعم,نعم,لا,لا,نعم,نعم,لا,نعم,نعم,لا,لا,نعم,لا,نعم,نعم,لا
FAC-3131,منشأة صحية 132,25/08/2025,1014,عمر,تعمل,نعم,حمص,الرقة,مستشفى تخصصي,منظمات غير حكومية دولية,لا يوجد ضرر,لا,6792,86220,102,51,49,2,16,1,18,13,30,7,نعم,نعم,دوامين,لا أعرف,,,لا,نعم,نعم,لا,نعم,نعم,نعم,نعم,نعم,لا,نعم,نعم,لا,نعم,نعم,نعم,نعم,لا,نعم,نعم,نعم,لا,لا,نعم,نعم,لا,نعم,نعم,نعم,لا,لا,نعم,نعم,لا,لا,نعم,نعم,نعم,لا,نعم,نعم,نعم,لا,نعم,نعم,نعم,لا,لا,لا,لا,لا,نعم,نعم,نعم,لا,نعم,نعم,لا,لا,نعم,نعم,نعم,لا,نعم,لا,نعم,لا,لا
FAC-3132,منشأة صحية 133,01/09/2025,1017,عمر,تعمل بشكل جزئي,لا,اللاذقية,السويداء,مستشفى خاص,قطاع خاص,ضرر كلي,لا,3271,15861,47,32,15,2.3,8,16,5,8,12,5,لا,نعم,دوام واحد,لا أعرف,,,لا,لا,نعم,نعم,نعم,لا,نعم,لا,لا,نعم,لا,لا,نعم,لا,لا,لا,نعم,نعم,لا,نعم,نعم,نعم,لا,نعم,نعم,نعم,لا,نعم,لا,لا,نعم,لا,نعم,نعم,لا,نعم,لا,نعم,نعم,لا,نعم,نعم,نعم,لا,نعم,لا,نعم,لا,نعم,نعم,نعم,نعم,نعم,لا,لا,نعم,نعم,نعم,لا,لا,نعم,نعم,لا,نعم,نعم,نعم,نعم,نعم
FAC-3133,منشأة صحية 134,02/08/2025,1019,ليلى,لا تعمل,نعم,اللاذقية,جسر الشغور,منشأة  أ,جهات حكومية أخرى ,لا يوجد ضرر,لا,1565,10548,72,89,44,5.4,36,1,12,5,31,15,نعم,نعم,دوام واحد,بئر محفور و محمي,,35.51181907,نعم,نعم,لا,لا,نعم,نعم,لا,لا,لا,لا,نعم,لا,نعم,لا,نعم,لا,نعم,نعم,لا,نعم,نعم,لا,نعم,لا,نعم,لا,لا,نعم,نعم,نعم,لا,لا,نعم,نعم,لا,لا,نعم,نعم,لا,لا,لا,لا,لا,نعم,لا,لا,لا,لا,نعم,لا,لا,لا,لا,لا,نعم,لا,نعم,نعم,نعم,نعم,لا,لا,لا,نعم,نعم,نعم,نعم,نعم
FAC-3134,منشأة صحية 135,28/08/2025,1001,ليلى,تعمل,نعم,اللاذقية,طرطوس,منشأة  أ,منظمات غير حكومية دولية,لا يوجد ضرر,نعم,7423,67569,22,91,11,4.3,26,12,17,0,1,17,نعم,نعم,24 ساعة,مياه معبأة,37.22458746,,نعم,نعم,نعم,لا,لا,لا,لا,نعم,نعم,نعم,لا,لا,لا,لا,نعم,نعم,نعم,لا,نعم,نعم,لا,نعم,لا,لا,نعم,لا,نعم,نعم,لا,نعم,نعم,نعم,لا,لا,لا,نعم,نعم,نعم,نعم,نعم,لا,نعم,لا,نعم,لا,نعم,لا,نعم,لا,نعم,لا,نعم,نعم,لا,نعم,لا,نعم,نعم,نعم,لا,نعم,نعم,لا,لا,نعم,نعم,لا,نعم
FAC-3135,منشأة صحية 136,23/07/2025,1006,عمر,لا تعمل,نعم,ريف دمشق,حارم,منشأة ج,منظمات غير حكومية محلية,لا يوجد ضرر,لا,992,91662,48,113,15,3.6,36,12,14,6,16,13,نعم,نعم,دوام واحد,لا أعرف,,,نعم,نعم,نعم,لا,لا,نعم,نعم,نعم,لا,لا,لا,لا,نعم,لا,لا,نعم,نعم,لا,نعم,لا,نعم,لا,نعم,لا,نعم,لا,نعم,لا,نعم,نعم,نعم,لا,لا,لا,لا,نعم,لا,نعم,لا,نعم,لا,نعم,لا,نعم,نعم,نعم,لا,نعم,نعم,لا,لا,لا,لا,لا,نعم,لا,نعم,نعم,نعم,لا,لا,لا,نعم,لا,لا,نعم,نعم,لا
FAC-3136,منشأة صحية 137,06/09/2025,1002,تامر,تعمل بشكل جزئي,نعم,دير الزور,درعا,منشأة ب,منظمات غير حكومية,لا يوجد ضرر,نعم,914,33607,102,91,43,1.9,16,16,36,6,10,5,نعم,نعم,دوام واحد,مياه معبأة,,,لا,نعم,لا,نعم,لا,لا,نعم,لا,نعم,نعم,نعم,نعم,نعم,نعم,نعم,لا,نعم,نعم,نعم,نعم,لا,نعم,نعم,نعم,لا,لا,نعم,لا,نعم,لا,لا,نعم,نعم,نعم,نعم,نعم,لا,لا,نعم,لا,لا,نعم,لا,نعم,نعم,لا,نعم,لا,نعم,نعم,نعم,لا,نعم,نعم,نعم,نعم,نعم,نعم,لا,لا,نعم,نعم,نعم,نعم,لا,نعم,نعم,لا
FAC-3137,منشأة صحية 138,24/07/2025,1016,سارة,تعمل,نعم,ريف دمشق,جبلة,منشأة  أ,منظمات غير حكومية دولية,لا يوجد ضرر,نعم,5705,38627,25,81,12,4.7,33,18,11,10,24,4,نعم,نعم,دوام واحد,شبكة مياه عامة,34.61586121,,نعم,لا,لا,لا,نعم,لا,لا,نعم,نعم,لا,نعم,نعم,نعم,نعم,لا,نعم,لا,لا,نعم,لا,نعم,لا,نعم,نعم,نعم,نعم,نعم,نعم,نعم,لا,نعم,نعم,لا,نعم,نعم,نعم,لا,نعم,لا,نعم,لا,نعم,لا,لا,نعم,نعم,لا,نعم,نعم,نعم,نعم,نعم,لا,نعم,لا,لا,لا,لا,لا,نعم,لا,لا,لا,نعم,نعم,نعم,نعم,نعم
FAC-3138,منشأة صحية 139,10/09/2025,1011,ليلى,لا تعمل,نعم,السويداء,القامشلي,منشأة ب,منظمات غير حكومية,لا يوجد ضرر,نعم,249,68910,67,117,45,5.9,26,16,26,16,30,16,لا,نعم,دوام واحد,شبكة مياه عامة,,37.63423335,لا,نعم,لا,نعم,نعم,لا,نعم,نعم,نعم,نعم,لا,نعم,نعم,لا,لا,نعم,نعم,نعم,نعم,نعم,لا,نعم,نعم,نعم,نعم,نعم,نعم,لا,نعم,لا,نعم,نعم,لا,نعم,نعم,لا,لا,نعم,نعم,نعم,نعم,نعم,لا,لا,نعم,نعم,نعم,لا,لا,نعم,لا,نعم,نعم,نعم,نعم,لا,نعم,نعم,نعم,لا,نعم,نعم,نعم,نعم,نعم,لا,نعم,نعم
FAC-3139,منشأة صحية 140,03/07/2025,1004,ماجد,تعمل,نعم,القنيطرة,جبلة,مستشفى تخصصي,جهات حكومية أخرى ,ضرر جزئي,نعم,6975,46964,111,19,30,3.1,21,11,19,16,9,11,لا,نعم,دوام واحد,لا أعرف,,37.90836496,لا,نعم,نعم,نعم,نعم,لا,نعم,لا,نعم,نعم,لا,لا,لا,نعم,لا,لا,نعم,نعم,لا,لا,نعم,نعم,لا,لا,نعم,نعم,نعم,نعم,لا,نعم,لا,نعم,لا,لا,نعم,نعم,نعم,لا,نعم,نعم,لا,نعم,نعم,نعم,لا,لا,لا,نعم,نعم,لا,نعم,لا,لا,نعم,نعم,نعم,نعم,لا,نعم,نعم,لا,نعم,لا,لا,نعم,نعم,لا,لا
FAC-3140,منشأة صحية 141,29/07/2025,1001,ماجد,تعمل,نعم,حمص,السويداء,مستشفى خاص,منظمات غير حكومية,ضرر جزئي,لا,7384,81540,108,24,50,2.7,16,15,30,18,14,12,نعم,نعم,دوام واحد,بئر محفور و محمي,34.31666784,,لا,لا,لا,نعم,لا,لا,لا,نعم,نعم,لا,نعم,لا,نعم,نعم,لا,نعم,نعم,نعم,نعم,لا,لا,لا,نعم,نعم,نعم,نعم,لا,لا,لا,نعم,نعم,نعم,لا,لا,لا,نعم,نعم,لا,نعم,نعم,لا,لا,لا,نعم,نعم,لا,نعم,لا,نعم,لا,لا,لا,لا,لا,لا,نعم,لا,لا,نعم,نعم,نعم,لا,لا,نعم,نعم,لا,لا,لا
FAC-3141,منشأة صحية 142,20/08/2025,1012,ماجد,تعمل بشكل جزئي,نعم,اللاذقية,حارم,منشأة ب,منظمات غير حكومية,ضرر جزئي,نعم,3203,55637,26,59,46,6.6,24,2,26,8,0,4,لا,نعم,دوامين,لا أعرف,,,لا,لا,لا,لا,نعم,نعم,لا,نعم,نعم,نعم,نعم,نعم,نعم,نعم,لا,نعم,نعم,لا,لا,نعم,لا,نعم,نعم,نعم,نعم,نعم,لا,لا,نعم,نعم,لا,نعم,لا,نعم,لا,نعم,لا,نعم,نعم,نعم,لا,نعم,لا,لا,نعم,لا,نعم,نعم,لا,نعم,لا,لا,لا,لا,نعم,نعم,نعم,نعم,لا,لا,لا,لا,نعم,نعم,لا,نعم,لا,نعم
FAC-3142,منشأة صحية 143,26/07/2025,1011,ليلى,لا تعمل,نعم,الحسكة,دير الزور,منشأة ج,جهات حكومية أخرى ,لا يوجد ضرر,نعم,1807,52129,68,114,38,5.3,6,13,25,2,11,2,نعم,نعم,دوام واحد,شبكة مياه عامة,,38.22989104,لا,نعم,نعم,نعم,نعم,لا,نعم,لا,نعم,لا,لا,نعم,نعم,نعم,نعم,نعم,لا,نعم,نعم,نعم,لا,نعم,نعم,لا,نعم,لا,لا,نعم,نعم,نعم,لا,لا,نعم,لا,لا,نعم,نعم,لا,نعم,نعم,نعم,نعم,لا,نعم,نعم,نعم,نعم,لا,نعم,لا,نعم,نعم,لا,نعم,لا,لا,لا,لا,لا,لا,نعم,لا,لا,نعم,نعم,نعم,لا,لا
FAC-3143,منشأة صحية 144,11/07/2025,1015,سارة,تعمل,نعم,دمشق,حارم,منشأة  أ,وزارة الصحة,ضرر جزئي,نعم,1796,72763,9,3,18,5,21,19,9,14,32,7,نعم,نعم,دوام واحد,بئر محفور و محمي,,39.92176846,لا,نعم,نعم,نعم,نعم,لا,نعم,نعم,نعم,نعم,لا,نعم,نعم,نعم,لا,نعم,نعم,نعم,لا,نعم,نعم,لا,نعم,نعم,نعم,نعم,نعم,نعم,نعم,لا,لا,لا,لا,نعم,نعم,نعم,لا,لا,نعم,نعم,نعم,لا,نعم,نعم,نعم,لا,نعم,لا,نعم,نعم,لا,نعم,نعم,نعم,لا,لا,لا,نعم,لا,نعم,لا,نعم,نعم,نعم,نعم,لا,لا,لا
FAC-3144,منشأة صحية 145,03/08/2025,1000,عمر,تعمل بشكل جزئي,نعم,طرطوس,السلمية,غير مصنف (مركز تابع لجمعية او خارج الخدمة),جهات حكومية أخرى ,لا يوجد ضرر,نعم,5428,15209,78,90,56,4.2,10,3,6,3,27,0,نعم,نعم,دوام واحد,مياه معبأة,37.05016476,,لا,لا,نعم,لا,نعم,لا,نعم,نعم,لا,لا,لا,نعم,نعم,نعم,نعم,نعم,لا,نعم,نعم,نعم,لا,نعم,لا,لا,نعم,نعم,نعم,نعم,نعم,نعم,لا,نعم,نعم,لا,لا,نعم,نعم,لا,لا,نعم,نعم,نعم,نعم,نعم,نعم,نعم,لا,نعم,نعم,لا,لا,نعم,نعم,نعم,نعم,نعم,لا,لا,لا,لا,نعم,نعم,نعم,نعم,نعم,لا,لا,نعم
FAC-3145,منشأة صحية 146,15/07/2025,1005,ليلى,تعمل,نعم,السويداء,الرقة,منشأة  أ,قطاع خاص,ضرر كلي,نعم,7191,55300,84,45,8,3.1,11,7,16,8,33,14,نعم,نعم,دوامين,شاحنة مزودة بخزان ماء,34.44393511,35.10436228,لا,نعم,نعم,نعم,لا,نعم,لا,نعم,لا,نعم,نعم,لا,نعم,لا,نعم,لا,نعم,لا,نعم,نعم,نعم,نعم,نعم,لا,لا,نعم,نعم,نعم,نعم,لا,نعم,نعم,لا,نعم,نعم,لا,لا,لا,نعم,لا,لا,نعم,نعم,نعم,نعم,نعم,نعم,لا,نعم,نعم,نعم,لا,لا,لا,نعم,نعم,نعم,لا,نعم,لا,لا,نعم,لا,لا,لا,لا,نعم,لا
FAC-3146,منشأة صحية 147,03/07/2025,1015,ليلى,تعمل,نعم,طرطوس,الرقة,مركز تخصصي,قطاع خاص,لا يوجد ضرر,نعم,2081,21374,16,69,17,4.6,32,18,4,0,9,9,نعم,نعم,دوام واحد,مياه معبأة,33.90055748,35.95360142,نعم,لا,نعم,نعم,نعم,لا,لا,لا,نعم,لا,نعم,نعم,لا,نعم,لا,لا,لا,لا,نعم,نعم,نعم,لا,لا,لا,نعم,نعم,نعم,نعم,لا,لا,لا,لا,لا,لا,نعم,نعم,لا,لا,لا,لا,لا,لا,نعم,نعم,لا,لا,نعم,نعم,نعم,لا,نعم,لا,نعم,لا,نعم,نعم,نعم,نعم,نعم,نعم,نعم,نعم,نعم,نعم,لا,لا,نعم,نعم
FAC-3147,منشأة صحية 148,27/08/2025,1004,ماجد,تعمل ولكن لا يمكن الوصول اليه بسبب الوضع الأمني,نعم,الحسكة,القامشلي,مستشفى خاص,منظمات غير حكومية,لا يوجد ضرر,نعم,2742,1223,92,0,8,5.2,39,8,26,0,6,8,نعم,نعم,دوام واحد,شبكة مياه عامة,36.56731525,36.86539082,لا,نعم,لا,نعم,نعم,نعم,لا,لا,نعم,نعم,نعم,نعم,لا,لا,نعم,نعم,نعم,لا,نعم,نعم,لا,لا,لا,نعم,نعم,لا,نعم,لا,نعم,نعم,نعم,لا,لا,نعم,لا,نعم,نعم,نعم,لا,لا,لا,لا,لا,لا,نعم,نعم,نعم,لا,لا,نعم,لا,لا,نعم,لا,لا,لا,نعم,لا,نعم,لا,نعم,نعم,لا,نعم,نعم,نعم,نعم,لا
FAC-3148,منشأة صحية 149,25/07/2025,1011,عمر,تعمل,نعم,ريف دمشق,دير الزور,مستشفى عام,منظمات غير حكومية,لا يوجد ضرر,نعم,7865,51801,112,106,5,3.6,0,5,19,19,18,11,نعم,نعم,دوامين,بئر محفور و محمي,,,نعم,لا,لا,لا,نعم,نعم,لا,نعم,لا,نعم,نعم,لا,نعم,لا,لا,نعم,نعم,نعم,لا,نعم,نعم,لا,لا,نعم,نعم,نعم,لا,نعم,نعم,نعم,نعم,نعم,نعم,لا,لا,نعم,نعم,لا,نعم,نعم,نعم,نعم,نعم,نعم,نعم,لا,لا,نعم,نعم,لا,لا,نعم,نعم,لا,لا,لا,نعم,لا,لا,نعم,لا,نعم,نعم,نعم,نعم,نعم,لا,لا
FAC-3149,منشأة صحية 150,03/08/2025,1019,هبة,لا تعمل,نعم,إدلب,جسر الشغور,مستشفى عام,قطاع خاص,لا يوجد ضرر,نعم,303,27757,94,63,50,3.2,25,12,23,17,37,19,لا,نعم,دوامين,شاحنة مزودة بخزان ماء,35.66746095,,نعم,نعم,لا,نعم,نعم,لا,لا,نعم,نعم,نعم,نعم,لا,نعم,نعم,نعم,نعم,نعم,نعم,نعم,لا,نعم,نعم,لا,لا,نعم,لا,نعم,لا,لا,نعم,لا,لا,نعم,نعم,نعم,نعم,لا,نعم,لا,نعم,لا,لا,نعم,لا,لا,نعم,نعم,لا,نعم,نعم,نعم,نعم,نعم,نعم,نعم,لا,نعم,نعم,لا,نعم,نعم,نعم,نعم,لا,نعم,لا,نعم,نعم
FAC-3150,منشأة صحية 151,08/07/2025,1019,هبة,تعمل,نعم,حماة,طرطوس,مستشفى تخصصي,منظمات غير حكومية دولية,ضرر جزئي,نعم,1166,39722,7,40,24,5.6,18,14,23,10,32,4,لا,نعم,24 ساعة,شاحنة مزودة بخزان ماء,,38.67326077,لا,لا,لا,لا,لا,نعم,لا,نعم,نعم,نعم,نعم,نعم,نعم,لا,لا,نعم,لا,نعم,لا,نعم,نعم,نعم,نعم,نعم,نعم,لا,نعم,لا,نعم,لا,نعم,نعم,لا,نعم,نعم,نعم,لا,نعم,لا,نعم,نعم,لا,نعم,لا,لا,نعم,نعم,نعم,نعم,نعم,نعم,لا,نعم,لا,نعم,نعم,نعم,نعم,لا,نعم,نعم,لا,لا,نعم,لا,نعم,لا,لا
FAC-3151,منشأة صحية 152,09/09/2025,1012,تامر,تعمل بشكل جزئي,لا,القنيطرة,القامشلي,مركز تخصصي,جهات حكومية أخرى ,لا يوجد ضرر,نعم,2375,37385,56,65,27,5.5,15,13,13,16,35,12,لا,نعم,دوام واحد,شاحنة مزودة بخزان ماء,35.27429177,36.03594521,لا,لا,لا,نعم,نعم,نعم,لا,لا,نعم,نعم,لا,لا,نعم,نعم,لا,لا,لا,نعم,نعم,لا,نعم,لا,نعم,لا,نعم,نعم,نعم,لا,نعم,نعم,نعم,لا,نعم,نعم,لا,نعم,نعم,لا,نعم,لا,نعم,لا,لا,لا,لا,نعم,لا,نعم,لا,لا,نعم,لا,لا,نعم,نعم,لا,لا,نعم,نعم,لا,لا,نعم,نعم,نعم,نعم,نعم,لا,نعم
FAC-3152,منشأة صحية 153,08/07/2025,1014,هبة,تعمل بشكل جزئي,نعم,إدلب,السويداء,مستشفى عام,منظمات غير حكومية,لا يوجد ضرر,نعم,6791,57139,111,38,31,2,26,0,28,10,13,1,نعم,نعم,دوام واحد,شبكة مياه عامة,,,نعم,لا,نعم,نعم,لا,لا,نعم,نعم,نعم,نعم,نعم,نعم,لا,نعم,لا,لا,لا,لا,لا,نعم,نعم,نعم,نعم,نعم,نعم,نعم,نعم,نعم,نعم,نعم,نعم,لا,نعم,لا,نعم,نعم,نعم,لا,لا,نعم,لا,لا,نعم,نعم,لا,نعم,لا,نعم,نعم,نعم,نعم,نعم,نعم,نعم,نعم,لا,نعم,نعم,لا,لا,نعم,لا,لا,نعم,لا,لا,لا,نعم
FAC-3153,منشأة صحية 154,17/07/2025,1007,تامر,تعمل,نعم,دير الزور,دير الزور,مستشفى خاص,قطاع خاص,لا يوجد ضرر,لا,7271,27479,6,100,25,1.5,23,12,39,4,38,11,نعم,نعم,دوام واحد,شاحنة مزودة بخزان ماء,,,لا,نعم,نعم,لا,نعم,نعم,نعم,نعم,نعم,لا,نعم,نعم,نعم,لا,نعم,نعم,نعم,لا,نعم,نعم,نعم,نعم,نعم,لا,نعم,نعم,لا,لا,لا,نعم,نعم,نعم,لا,نعم,لا,لا,نعم,نعم,لا,لا,لا,نعم,لا,لا,لا,نعم,نعم,لا,لا,نعم,لا,نعم,نعم,نعم,نعم,لا,لا,نعم,لا,نعم,لا,نعم,لا,نعم,لا,نعم,نعم,نعم
FAC-3154,منشأة صحية 155,12/08/2025,1017,سارة,تعمل,نعم,حمص,دير الزور,مستشفى خاص,منظمات غير حكومية دولية,لا يوجد ضرر,نعم,3159,54427,59,109,58,3,14,1,3,5,6,11,نعم,نعم,دوامين,شاحنة مزودة بخزان ماء,,,لا,نعم,لا,نعم,لا,نعم,نعم,نعم,نعم,لا,لا,نعم,نعم,لا,لا,لا,نعم,لا,نعم,نعم,نعم,نعم,لا,نعم,نعم,نعم,نعم,لا,لا,لا,نعم,نعم,نعم,لا,لا,لا,نعم,لا,لا,نعم,نعم,نعم,لا,نعم,نعم,لا,نعم,لا,لا,نعم,لا,نعم,نعم,لا,لا,نعم,نعم,نعم,نعم,نعم,نعم,لا,نعم,لا,لا,نعم,نعم,نعم
FAC-3155,منشأة صحية 156,29/07/2025,1011,ماجد,تعمل ولكن لا يمكن الوصول اليه بسبب الوضع الأمني,نعم,حمص,حارم,منشأة ب,جهات حكومية أخرى ,لا يوجد ضرر,نعم,5356,84249,43,58,12,2,8,17,35,2,22,6,نعم,نعم,دوامين,مياه معبأة,,38.37169364,نعم,نعم,نعم,لا,نعم,لا,لا,لا,لا,لا,نعم,نعم,نعم,نعم,نعم,نعم,لا,نعم,نعم,نعم,نعم,لا,لا,نعم,لا,نعم,نعم,نعم,نعم,نعم,نعم,لا,نعم,نعم,لا,لا,لا,لا,لا,نعم,لا,لا,لا,نعم,نعم,لا,نعم,لا,نعم,نعم,لا,لا,نعم,نعم,لا,نعم,نعم,لا,نعم,نعم,نعم,لا,لا,نعم,لا,نعم,نعم,لا
FAC-3156,منشأة صحية 157,06/08/2025,1019,سارة,تعمل ولكن لا يمكن الوصول اليه لسبب أخر (يرجى التحديد),نعم,دير الزور,حمص,منشأة  أ,منظمات غير حكومية محلية,ضرر جزئي,لا,6879,65313,97,29,56,4.6,27,9,7,6,27,19,لا,نعم,24 ساعة,بئر محفور و محمي,33.02711802,,لا,نعم,لا,لا,نعم,نعم,نعم,لا,لا,لا,لا,نعم,نعم,نعم,نعم,نعم,لا,نعم,لا,نعم,نعم,لا,لا,لا,لا,لا,نعم,نعم,لا,نعم,نعم,نعم,لا,نعم,لا,لا,لا,نعم,لا,نعم,نعم,نعم,نعم,لا,لا,لا,لا,نعم,نعم,نعم,لا,نعم,نعم,لا,نعم,لا,لا,نعم,نعم,لا,نعم,نعم,نعم,نعم,لا,لا,لا,لا
FAC-3157,منشأة صحية 158,30/08/2025,1012,سارة,تعمل,نعم,حلب,القامشلي,مستشفى تخصصي,منظمات غير حكومية,ضرر كلي,لا,5321,45144,28,17,44,4,35,2,3,8,24,10,لا,نعم,دوام واحد,شبكة مياه عامة,,,نعم,نعم,نعم,لا,نعم,نعم,نعم,لا,لا,نعم,نعم,نعم,لا,نعم,لا,نعم,لا,نعم,نعم,نعم,نعم,نعم,لا,لا,نعم,لا,نعم,لا,لا,لا,نعم,نعم,نعم,لا,لا,لا,نعم,لا,لا,نعم,نعم,نعم,نعم,نعم,لا,لا,نعم,لا,نعم,لا,لا,لا,لا,نعم,لا,لا,لا,نعم,نعم,لا,لا,لا,لا,نعم,لا,نعم,نعم,لا
FAC-3158,منشأة صحية 159,03/07/2025,1006,ليلى,تعمل ولكن لا يمكن الوصول اليه بسبب الوضع الأمني,نعم,الرقة,السويداء,مركز تخصصي,منظمات غير حكومية دولية,لا يوجد ضرر,لا,7309,82678,41,93,22,6.6,4,2,10,3,16,19,لا,نعم,دوام واحد,شبكة مياه عامة,36.81689785,,لا,نعم,نعم,نعم,لا,لا,نعم,نعم,نعم,لا,نعم,لا,نعم,لا,لا,نعم,لا,نعم,لا,نعم,لا,نعم,لا,نعم,نعم,نعم,نعم,لا,نعم,نعم,نعم,لا,لا,نعم,نعم,نعم,لا,لا,لا,لا,نعم,لا,نعم,نعم,لا,لا,نعم,لا,لا,لا,نعم,لا,نعم,نعم,نعم,نعم,لا,نعم,نعم,لا,نعم,نعم,نعم,لا,نعم,نعم,لا,لا
FAC-3159,منشأة صحية 160,21/07/2025,1002,ماجد,تعمل,نعم,دير الزور,درعا,مستشفى عام,منظمات غير حكومية,لا يوجد ضرر,نعم,4181,33250,51,52,35,4.6,16,11,16,7,18,13,لا,نعم,دوام واحد,شبكة مياه عامة,33.95278821,36.21271084,نعم,نعم,نعم,لا,لا,نعم,لا,لا,نعم,نعم,لا,نعم,نعم,نعم,نعم,لا,نعم,لا,لا,نعم,نعم,نعم,نعم,نعم,نعم,لا,لا,لا,لا,لا,لا,لا,نعم,لا,لا,نعم,نعم,نعم,نعم,نعم,نعم,لا,نعم,لا,لا,لا,لا,لا,نعم,نعم,نعم,نعم,لا,نعم,نعم,لا,لا,نعم,نعم,نعم,لا,لا,نعم,نعم,لا,نعم,لا,نعم
